Game,Name,Variant,Class,Gender,HM Bonus,SecondClass,ThirdClass,char_base_stats_Lv,char_base_stats_HP,char_base_stats_S/M,char_base_stats_Skl,char_base_stats_Spd,char_base_stats_Lck,char_base_stats_Def,char_base_stats_Res,char_base_stats_Con,char_base_stats_Mov,char_growth_rates_HP,char_growth_rates_S/M,char_growth_rates_Skl,char_growth_rates_Spd,char_growth_rates_Lck,char_growth_rates_Def,char_growth_rates_Res,second_class_promo_gains_HP,second_class_promo_gains_S/M,second_class_promo_gains_Skl,second_class_promo_gains_Spd,second_class_promo_gains_Def,second_class_promo_gains_Res,second_class_promo_gains_Con,second_class_promo_gains_Mov,third_class_promo_gains_HP,third_class_promo_gains_S/M,third_class_promo_gains_Skl,third_class_promo_gains_Spd,third_class_promo_gains_Def,third_class_promo_gains_Res,third_class_promo_gains_Con,third_class_promo_gains_Mov,class_growth_rates_HP,class_growth_rates_S/M,class_growth_rates_Skl,class_growth_rates_Spd,class_growth_rates_Def,class_growth_rates_Res,class_growth_rates_Lck,class_max_stats_S/M,class_max_stats_Skl,class_max_stats_Spd,class_max_stats_Def,class_max_stats_Res,class_max_stats_Con,class_max_stats_HP,class_max_stats_Lck,class_max_stats_Mov,second_class_growth_rates_HP,second_class_growth_rates_S/M,second_class_growth_rates_Skl,second_class_growth_rates_Spd,second_class_growth_rates_Def,second_class_growth_rates_Res,second_class_growth_rates_Lck,second_class_max_stats_S/M,second_class_max_stats_Skl,second_class_max_stats_Spd,second_class_max_stats_Def,second_class_max_stats_Res,second_class_max_stats_Con,second_class_max_stats_HP,second_class_max_stats_Lck,second_class_max_stats_Mov,third_class_growth_rates_HP,third_class_growth_rates_S/M,third_class_growth_rates_Skl,third_class_growth_rates_Spd,third_class_growth_rates_Def,third_class_growth_rates_Res,third_class_growth_rates_Lck,third_class_max_stats_S/M,third_class_max_stats_Skl,third_class_max_stats_Spd,third_class_max_stats_Def,third_class_max_stats_Res,third_class_max_stats_Con,third_class_max_stats_HP,third_class_max_stats_Lck,third_class_max_stats_Mov,char_growth_rates_adjusted_HP,char_growth_rates_adjusted_S/M,char_growth_rates_adjusted_Skl,char_growth_rates_adjusted_Spd,char_growth_rates_adjusted_Lck,char_growth_rates_adjusted_Def,char_growth_rates_adjusted_Res
FE6,Roy,All,Lord,M,0,Master Lord,N/A,1.0,18.0,5.0,5.0,7.0,7.0,5.0,0.0,6.0,5.0,80.0,40.0,50.0,40.0,60.0,25.0,30.0,4.0,2.0,3.0,2.0,2.0,5.0,2.0,1.0,,,,,,,,,90.0,45.0,40.0,45.0,15.0,12.0,40.0,20.0,20.0,20.0,20.0,20.0,20.0,60.0,30.0,15.0,60.0,35.0,30.0,30.0,35.0,10.0,15.0,25.0,25.0,25.0,25.0,25.0,25.0,60.0,30.0,15.0,,,,,,,,,,,,,,,,,80.60937228800002,40.30468614400001,50.380857680000005,40.30468614400001,60.45702921599999,25.190428840000003,30.228514607999994
FE6,Marcus,All,Paladin,M,0,N/A,N/A,1.0,32.0,9.0,14.0,11.0,10.0,9.0,8.0,11.0,8.0,60.0,25.0,20.0,25.0,20.0,15.0,20.0,,,,,,,,,,,,,,,,,70.0,25.0,30.0,18.0,12.0,17.0,25.0,25.0,28.0,25.0,25.0,25.0,20.0,60.0,30.0,15.0,,,,,,,,,,,,,,,,,,,,,,,,,,,,,,,,,66.450499584,27.687708160000003,22.150166528000003,27.687708160000003,22.150166528000003,16.612624896,22.150166528000003
FE6,Alen,All,Cavalier,M,0,Paladin,N/A,1.0,21.0,7.0,4.0,6.0,3.0,6.0,0.0,9.0,7.0,85.0,45.0,40.0,45.0,40.0,25.0,10.0,3.0,2.0,2.0,2.0,2.0,3.0,2.0,1.0,,,,,,,,,75.0,35.0,40.0,28.0,15.0,12.0,30.0,20.0,20.0,20.0,20.0,20.0,20.0,60.0,30.0,15.0,70.0,25.0,30.0,18.0,12.0,17.0,25.0,25.0,28.0,25.0,25.0,25.0,20.0,60.0,30.0,15.0,,,,,,,,,,,,,,,,,85.94755453676383,45.50164651946321,40.44590801730063,45.50164651946321,40.44590801730063,25.278692510812895,10.111477004325158
FE6,Lance,All,Cavalier,M,0,Paladin,N/A,1.0,20.0,5.0,6.0,8.0,2.0,6.0,0.0,9.0,7.0,80.0,40.0,45.0,50.0,35.0,20.0,15.0,3.0,2.0,2.0,2.0,2.0,3.0,2.0,1.0,,,,,,,,,75.0,35.0,40.0,28.0,15.0,12.0,30.0,20.0,20.0,20.0,20.0,20.0,20.0,60.0,30.0,15.0,70.0,25.0,30.0,18.0,12.0,17.0,25.0,25.0,28.0,25.0,25.0,25.0,20.0,60.0,30.0,15.0,,,,,,,,,,,,,,,,,81.18390011168,40.59195005584,45.665943812820004,50.7399375698,35.51795629885999,20.29597502792,15.221981270939999
FE6,Wolt,All,Archer,M,0,Sniper,N/A,1.0,18.0,4.0,4.0,5.0,2.0,4.0,0.0,7.0,5.0,80.0,40.0,50.0,40.0,40.0,20.0,10.0,3.0,3.0,3.0,2.0,2.0,2.0,1.0,1.0,,,,,,,,,70.0,35.0,40.0,32.0,15.0,10.0,35.0,20.0,20.0,20.0,20.0,20.0,20.0,60.0,30.0,15.0,65.0,30.0,30.0,20.0,15.0,15.0,30.0,24.0,30.0,29.0,22.0,23.0,20.0,60.0,30.0,15.0,,,,,,,,,,,,,,,,,81.26350917632001,40.63175458816001,50.7896932352,40.63175458816001,40.63175458816001,20.315877294080003,10.157938647040002
FE6,Bors,All,Knight,M,0,General,N/A,1.0,20.0,7.0,4.0,3.0,4.0,11.0,0.0,14.0,4.0,90.0,30.0,30.0,40.0,50.0,35.0,10.0,4.0,3.0,2.0,3.0,4.0,3.0,2.0,1.0,,,,,,,,,80.0,40.0,35.0,15.0,28.0,5.0,25.0,20.0,20.0,20.0,20.0,20.0,20.0,60.0,30.0,15.0,75.0,30.0,25.0,10.0,23.0,15.0,20.0,27.0,25.0,21.0,30.0,25.0,20.0,60.0,30.0,15.0,,,,,,,,,,,,,,,,,90.78061062602251,30.260203542007496,30.260203542007496,40.34693805601,50.4336725700125,35.303570799008746,10.0867345140025
FE6,Merlinus,All,Transporter,M,0,N/A,N/A,1.0,15.0,0.0,3.0,3.0,10.0,3.0,0.0,25.0,5.0,100.0,0.0,50.0,50.0,100.0,20.0,5.0,,,,,,,,,,,,,,,,,10.0,0.0,0.0,0.0,0.0,0.0,0.0,20.0,20.0,20.0,20.0,20.0,25.0,60.0,30.0,15.0,,,,,,,,,,,,,,,,,,,,,,,,,,,,,,,,,100.0,0.0,50.0,50.0,100.0,20.0,5.0
FE6,Elen,All,Priest,F,0,Bishop,N/A,2.0,16.0,1.0,6.0,8.0,8.0,0.0,6.0,4.0,5.0,45.0,50.0,30.0,20.0,70.0,5.0,60.0,3.0,3.0,3.0,2.0,2.0,3.0,1.0,1.0,,,,,,,,,50.0,30.0,35.0,32.0,8.0,50.0,45.0,20.0,20.0,20.0,20.0,20.0,20.0,60.0,30.0,15.0,45.0,35.0,25.0,22.0,8.0,40.0,40.0,26.0,25.0,26.0,21.0,30.0,20.0,60.0,30.0,15.0,,,,,,,,,,,,,,,,,45.803889591120004,50.893210656799994,30.535926394079997,20.35728426272,71.25049491952,5.08932106568,61.071852788159994
FE6,Dieck,All,Mercenary,M,0,Hero,N/A,5.0,26.0,9.0,12.0,10.0,5.0,6.0,1.0,13.0,5.0,90.0,40.0,40.0,30.0,35.0,20.0,15.0,4.0,2.0,1.0,2.0,4.0,2.0,1.0,1.0,,,,,,,,,80.0,40.0,40.0,32.0,18.0,15.0,30.0,20.0,20.0,20.0,20.0,20.0,20.0,60.0,30.0,15.0,75.0,30.0,30.0,20.0,20.0,10.0,25.0,25.0,30.0,26.0,25.0,22.0,20.0,60.0,30.0,15.0,,,,,,,,,,,,,,,,,91.0136217559104,40.4504985581824,40.4504985581824,30.3378739186368,35.394186238409596,20.2252492790912,15.1689369593184
FE6,Wade,All,Fighter,M,0,Warrior,N/A,2.0,28.0,8.0,3.0,5.0,4.0,3.0,0.0,13.0,5.0,75.0,50.0,45.0,20.0,45.0,30.0,5.0,8.0,3.0,3.0,2.0,3.0,0.0,2.0,1.0,,,,,,,,,85.0,55.0,35.0,30.0,15.0,10.0,15.0,20.0,20.0,20.0,20.0,20.0,20.0,60.0,30.0,15.0,80.0,45.0,25.0,20.0,16.0,7.0,15.0,30.0,26.0,24.0,28.0,20.0,20.0,60.0,30.0,15.0,,,,,,,,,,,,,,,,,76.53906851355468,51.02604567570312,45.92344110813281,20.41041827028125,45.92344110813281,30.615627405421876,5.102604567570313
FE6,Lot,All,Fighter,M,0,Warrior,N/A,3.0,29.0,7.0,6.0,7.0,2.0,4.0,1.0,12.0,5.0,80.0,30.0,30.0,35.0,30.0,40.0,15.0,8.0,3.0,3.0,2.0,3.0,0.0,2.0,1.0,,,,,,,,,85.0,55.0,35.0,30.0,15.0,10.0,15.0,20.0,20.0,20.0,20.0,20.0,20.0,60.0,30.0,15.0,80.0,45.0,25.0,20.0,16.0,7.0,15.0,30.0,26.0,24.0,28.0,20.0,20.0,60.0,30.0,15.0,,,,,,,,,,,,,,,,,81.8606438826248,30.6977414559843,30.6977414559843,35.81403169864835,30.6977414559843,40.9303219413124,15.34887072799215
FE6,Shanna,All,Pegasus Knight,F,0,Falcoknight,N/A,1.0,17.0,4.0,6.0,12.0,5.0,6.0,5.0,4.0,7.0,45.0,30.0,55.0,60.0,60.0,10.0,25.0,6.0,2.0,2.0,2.0,2.0,2.0,1.0,1.0,,,,,,,,,65.0,35.0,40.0,40.0,12.0,25.0,35.0,20.0,20.0,20.0,20.0,20.0,20.0,60.0,30.0,15.0,60.0,30.0,30.0,30.0,12.0,20.0,30.0,23.0,25.0,28.0,24.0,28.0,20.0,60.0,30.0,15.0,,,,,,,,,,,,,,,,,45.857749568445,30.571833045629997,56.048360583655,61.143666091259995,61.143666091259995,10.190611015210001,25.476527538024996
FE6,Chad,All,Thief,M,0,N/A,N/A,1.0,16.0,3.0,3.0,10.0,4.0,2.0,0.0,5.0,6.0,85.0,50.0,50.0,80.0,60.0,25.0,15.0,,,,,,,,,,,,,,,,,50.0,5.0,45.0,40.0,5.0,20.0,40.0,20.0,20.0,20.0,20.0,20.0,20.0,60.0,30.0,15.0,,,,,,,,,,,,,,,,,,,,,,,,,,,,,,,,,85.16287340078125,50.0958078828125,50.0958078828125,80.15329261250001,60.11496945937499,25.04790394140625,15.028742364843747
FE6,Lugh,All,Mage,M,0,Sage,N/A,1.0,16.0,4.0,5.0,6.0,5.0,3.0,5.0,4.0,5.0,50.0,40.0,50.0,50.0,35.0,15.0,30.0,4.0,4.0,2.0,1.0,2.0,2.0,1.0,1.0,,,,,,,,,55.0,55.0,40.0,35.0,5.0,35.0,20.0,20.0,20.0,20.0,20.0,20.0,20.0,60.0,30.0,15.0,45.0,45.0,30.0,25.0,10.0,25.0,15.0,28.0,30.0,25.0,20.0,25.0,20.0,60.0,30.0,15.0,,,,,,,,,,,,,,,,,51.492380626953114,41.19390450156251,51.492380626953114,51.492380626953114,36.04466643886719,15.447714188085937,30.895428376171875
FE6,Clarine,All,Troubadour,F,0,Valkyrie,N/A,1.0,15.0,2.0,5.0,9.0,8.0,2.0,5.0,5.0,7.0,40.0,30.0,40.0,50.0,65.0,10.0,40.0,4.0,3.0,2.0,2.0,2.0,3.0,1.0,1.0,,,,,,,,,50.0,25.0,35.0,55.0,12.0,30.0,45.0,20.0,20.0,20.0,20.0,20.0,20.0,60.0,30.0,15.0,45.0,35.0,25.0,45.0,10.0,20.0,40.0,27.0,24.0,25.0,24.0,28.0,20.0,60.0,30.0,15.0,,,,,,,,,,,,,,,,,40.975244263840004,30.731433197879998,40.975244263840004,51.2190553298,66.58477192874,10.243811065960001,40.975244263840004
FE6,Rutger,All,Myrmidon,M,5,Swordmaster,N/A,4.0,22.0,7.0,12.0,13.0,2.0,5.0,0.0,7.0,5.0,80.0,30.0,60.0,50.0,30.0,20.0,20.0,5.0,2.0,2.0,1.0,3.0,2.0,1.0,1.0,,,,,,,,,70.0,35.0,40.0,40.0,15.0,17.0,30.0,20.0,20.0,20.0,20.0,20.0,20.0,60.0,30.0,15.0,65.0,20.0,30.0,30.0,15.0,12.0,25.0,24.0,29.0,30.0,22.0,23.0,20.0,60.0,30.0,15.0,,,,,,,,,,,,,,,,,81.01610815488,30.381040558080002,60.762081116160005,50.6350675968,30.381040558080002,20.25402703872,20.25402703872
FE6,Saul,All,Priest,M,0,Bishop,N/A,5.0,20.0,4.0,6.0,10.0,2.0,2.0,5.0,6.0,5.0,60.0,40.0,45.0,45.0,15.0,15.0,50.0,3.0,3.0,3.0,2.0,2.0,3.0,1.0,1.0,,,,,,,,,50.0,30.0,35.0,32.0,8.0,50.0,45.0,20.0,20.0,20.0,20.0,20.0,20.0,60.0,30.0,15.0,45.0,35.0,25.0,22.0,8.0,40.0,40.0,25.0,26.0,25.0,22.0,30.0,20.0,60.0,30.0,15.0,,,,,,,,,,,,,,,,,61.614875544933746,41.07658369662251,46.21115665870031,46.21115665870031,15.403718886233436,15.403718886233436,51.34572962077812
FE6,Dorothy,All,Archer,F,0,Sniper,N/A,3.0,19.0,5.0,6.0,6.0,3.0,4.0,2.0,7.0,5.0,85.0,50.0,45.0,45.0,35.0,15.0,15.0,2.0,3.0,3.0,3.0,2.0,3.0,1.0,1.0,,,,,,,,,70.0,35.0,40.0,32.0,15.0,10.0,35.0,20.0,20.0,20.0,20.0,20.0,20.0,60.0,30.0,15.0,65.0,30.0,30.0,20.0,15.0,15.0,30.0,23.0,30.0,29.0,21.0,25.0,20.0,60.0,30.0,15.0,,,,,,,,,,,,,,,,,85.91529173466755,50.538406902745606,45.48456621247105,45.48456621247105,35.37688483192192,15.161522070823679,15.161522070823679
FE6,Sue,All,Nomad,F,0,Nomadic Trooper,N/A,1.0,18.0,5.0,7.0,8.0,4.0,5.0,0.0,5.0,7.0,55.0,30.0,55.0,65.0,50.0,10.0,15.0,6.0,2.0,1.0,1.0,2.0,4.0,1.0,1.0,,,,,,,,,65.0,30.0,40.0,45.0,12.0,15.0,30.0,20.0,20.0,20.0,20.0,20.0,20.0,60.0,30.0,15.0,60.0,25.0,30.0,35.0,15.0,10.0,25.0,23.0,28.0,30.0,22.0,25.0,20.0,60.0,30.0,15.0,,,,,,,,,,,,,,,,,56.06352947121358,30.58010698429831,56.06352947121358,66.25689846597967,50.96684497383052,10.193368994766104,15.290053492149156
FE6,Zelot,All,Paladin,M,0,N/A,N/A,1.0,35.0,10.0,12.0,13.0,5.0,11.0,7.0,11.0,8.0,75.0,25.0,20.0,20.0,15.0,30.0,15.0,,,,,,,,,,,,,,,,,70.0,25.0,30.0,18.0,12.0,17.0,25.0,25.0,28.0,25.0,25.0,25.0,20.0,60.0,30.0,15.0,,,,,,,,,,,,,,,,,,,,,,,,,,,,,,,,,79.8279957075,26.6093319025,21.287465522,21.287465522,15.9655991415,31.931198283,15.9655991415
FE6,Trec,All,Cavalier,M,0,Paladin,N/A,4.0,25.0,8.0,6.0,7.0,5.0,8.0,0.0,9.0,7.0,85.0,40.0,30.0,35.0,50.0,30.0,5.0,3.0,2.0,2.0,2.0,2.0,3.0,2.0,1.0,,,,,,,,,75.0,35.0,40.0,28.0,15.0,12.0,30.0,20.0,20.0,20.0,20.0,20.0,20.0,60.0,30.0,15.0,70.0,25.0,30.0,18.0,12.0,17.0,25.0,25.0,28.0,25.0,25.0,25.0,20.0,60.0,30.0,15.0,,,,,,,,,,,,,,,,,86.17310769942134,40.552050682080626,30.414038011560468,35.48304434682055,50.69006335260078,30.414038011560468,5.069006335260078
FE6,Noah,All,Cavalier,M,0,Paladin,N/A,7.0,27.0,8.0,7.0,9.0,6.0,7.0,1.0,10.0,7.0,75.0,30.0,45.0,30.0,40.0,30.0,10.0,3.0,2.0,2.0,2.0,2.0,3.0,2.0,1.0,,,,,,,,,75.0,35.0,40.0,28.0,15.0,12.0,30.0,20.0,20.0,20.0,20.0,20.0,20.0,60.0,30.0,15.0,70.0,25.0,30.0,18.0,12.0,17.0,25.0,25.0,28.0,25.0,25.0,25.0,20.0,60.0,30.0,15.0,,,,,,,,,,,,,,,,,76.95872672175467,30.783490688701875,46.17523603305281,30.783490688701875,41.0446542516025,30.783490688701875,10.261163562900625
FE6,Astolfo,All,Thief,M,0,N/A,N/A,10.0,25.0,7.0,8.0,15.0,11.0,7.0,3.0,8.0,6.0,90.0,35.0,40.0,50.0,15.0,20.0,20.0,,,,,,,,,,,,,,,,,50.0,5.0,45.0,40.0,5.0,20.0,40.0,20.0,20.0,20.0,20.0,20.0,20.0,60.0,30.0,15.0,,,,,,,,,,,,,,,,,,,,,,,,,,,,,,,,,90.96484766975999,35.37521853824,40.42882118656001,50.536026483200004,15.160807944959998,20.214410593280004,20.214410593280004
FE6,Lilina,All,Mage,F,0,Sage,N/A,1.0,16.0,5.0,5.0,4.0,4.0,2.0,7.0,4.0,5.0,45.0,75.0,20.0,35.0,50.0,10.0,35.0,3.0,3.0,3.0,3.0,1.0,2.0,1.0,1.0,,,,,,,,,55.0,55.0,40.0,35.0,5.0,35.0,20.0,20.0,20.0,20.0,20.0,20.0,20.0,60.0,30.0,15.0,45.0,45.0,30.0,25.0,10.0,25.0,15.0,30.0,28.0,25.0,20.0,25.0,20.0,60.0,30.0,15.0,,,,,,,,,,,,,,,,,45.96080107225781,76.6013351204297,20.427022698781254,35.74728972286719,51.06755674695312,10.213511349390627,35.74728972286719
FE6,Gwendolyn,All,Knight,F,0,General,N/A,1.0,19.0,4.0,3.0,3.0,6.0,8.0,1.0,10.0,4.0,85.0,40.0,40.0,40.0,45.0,30.0,10.0,4.0,4.0,2.0,4.0,3.0,3.0,1.0,1.0,,,,,,,,,80.0,40.0,35.0,15.0,28.0,5.0,25.0,20.0,20.0,20.0,20.0,20.0,20.0,60.0,30.0,15.0,75.0,30.0,35.0,10.0,23.0,15.0,20.0,25.0,25.0,22.0,30.0,26.0,20.0,60.0,30.0,15.0,,,,,,,,,,,,,,,,,85.9649741065426,40.4541054619024,40.4541054619024,40.4541054619024,45.5108686446402,30.3405790964268,10.1135263654756
FE6,Barthe,All,Knight,M,0,General,N/A,9.0,25.0,10.0,6.0,5.0,2.0,14.0,1.0,16.0,4.0,100.0,60.0,25.0,20.0,20.0,40.0,2.0,4.0,3.0,2.0,3.0,4.0,3.0,2.0,1.0,,,,,,,,,80.0,40.0,35.0,15.0,28.0,5.0,25.0,20.0,20.0,20.0,20.0,20.0,20.0,60.0,30.0,15.0,75.0,30.0,25.0,10.0,23.0,15.0,20.0,27.0,25.0,21.0,30.0,25.0,20.0,60.0,30.0,15.0,,,,,,,,,,,,,,,,,100.0,60.0,25.0,20.0,20.0,40.0,2.0
FE6,Ogier,All,Mercenary,M,0,Hero,N/A,3.0,24.0,7.0,10.0,9.0,6.0,4.0,0.0,8.0,5.0,85.0,40.0,30.0,45.0,55.0,20.0,15.0,4.0,2.0,1.0,2.0,4.0,2.0,1.0,1.0,,,,,,,,,80.0,40.0,40.0,32.0,18.0,15.0,30.0,20.0,20.0,20.0,20.0,20.0,20.0,60.0,30.0,15.0,75.0,30.0,30.0,20.0,20.0,10.0,25.0,25.0,30.0,26.0,25.0,22.0,20.0,60.0,30.0,15.0,,,,,,,,,,,,,,,,,85.91080232651484,40.42861285953641,30.3214596446523,45.482189466978454,55.589342681862554,20.214306429768204,15.16072982232615
FE6,Fir,All,Myrmidon,F,8,Swordmaster,N/A,1.0,19.0,6.0,9.0,10.0,3.0,3.0,1.0,5.0,5.0,75.0,25.0,50.0,55.0,50.0,15.0,20.0,4.0,3.0,2.0,2.0,3.0,2.0,1.0,1.0,,,,,,,,,70.0,35.0,40.0,40.0,15.0,17.0,30.0,20.0,20.0,20.0,20.0,20.0,20.0,60.0,30.0,15.0,65.0,25.0,30.0,30.0,15.0,12.0,25.0,22.0,29.0,30.0,22.0,25.0,20.0,60.0,30.0,15.0,,,,,,,,,,,,,,,,,76.09121198730469,25.363737329101564,50.72747465820313,55.800222124023435,50.72747465820313,15.218242397460937,20.29098986328125
FE6,Sin,All,Nomad,M,8,Nomadic Trooper,N/A,5.0,24.0,7.0,8.0,10.0,6.0,7.0,0.0,7.0,7.0,75.0,45.0,50.0,50.0,25.0,10.0,15.0,5.0,2.0,2.0,2.0,2.0,3.0,1.0,1.0,,,,,,,,,65.0,30.0,40.0,45.0,12.0,15.0,30.0,20.0,20.0,20.0,20.0,20.0,20.0,60.0,30.0,15.0,60.0,25.0,30.0,35.0,15.0,10.0,25.0,24.0,28.0,30.0,23.0,23.0,20.0,60.0,30.0,15.0,,,,,,,,,,,,,,,,,76.50837295646667,45.90502377388,51.00558197097777,51.00558197097777,25.502790985488886,10.201116394195557,15.301674591293335
FE6,Geese,All,Pirate,M,0,Berserker,N/A,10.0,33.0,10.0,9.0,9.0,9.0,8.0,0.0,11.0,5.0,85.0,50.0,30.0,40.0,40.0,20.0,10.0,5.0,3.0,4.0,1.0,3.0,0.0,3.0,1.0,,,,,,,,,75.0,50.0,35.0,25.0,10.0,10.0,15.0,20.0,20.0,20.0,20.0,20.0,20.0,60.0,30.0,15.0,58.0,35.0,25.0,12.0,10.0,10.0,15.0,30.0,24.0,28.0,22.0,24.0,20.0,60.0,30.0,15.0,,,,,,,,,,,,,,,,,86.17242010144,50.6896588832,30.413795329919996,40.55172710656,40.55172710656,20.27586355328,10.13793177664
FE6,Larum,All,Dancer,F,0,N/A,N/A,1.0,14.0,1.0,2.0,11.0,9.0,2.0,4.0,4.0,5.0,70.0,10.0,5.0,70.0,80.0,20.0,30.0,,,,,,,,,,,,,,,,,45.0,45.0,30.0,60.0,0.0,3.0,70.0,20.0,20.0,20.0,20.0,20.0,20.0,60.0,30.0,15.0,,,,,,,,,,,,,,,,,,,,,,,,,,,,,,,,,70.6084873772992,10.086926768185602,5.043463384092801,70.6084873772992,80.69541414548482,20.173853536371205,30.2607803045568
FE6,Echidna,All,Hero,F,0,N/A,N/A,1.0,35.0,13.0,19.0,18.0,6.0,8.0,7.0,9.0,6.0,75.0,30.0,25.0,30.0,20.0,15.0,15.0,,,,,,,,,,,,,,,,,75.0,30.0,30.0,20.0,20.0,10.0,25.0,24.0,30.0,26.0,24.0,24.0,20.0,60.0,30.0,15.0,,,,,,,,,,,,,,,,,,,,,,,,,,,,,,,,,79.19428186980468,31.67771274792187,26.398093956601564,31.67771274792187,21.118475165281254,15.838856373960935,15.838856373960935
FE6,Elffin,All,Bard,M,0,N/A,N/A,1.0,15.0,1.0,3.0,10.0,11.0,4.0,1.0,6.0,5.0,80.0,5.0,5.0,65.0,65.0,25.0,55.0,,,,,,,,,,,,,,,,,45.0,45.0,30.0,60.0,0.0,3.0,70.0,20.0,20.0,20.0,20.0,20.0,20.0,60.0,30.0,15.0,,,,,,,,,,,,,,,,,,,,,,,,,,,,,,,,,80.60145891846894,5.0375911824043085,5.0375911824043085,65.48868537125601,65.48868537125601,25.187955912021543,55.413503006447385
FE6,Bartre,All,Warrior,M,0,N/A,N/A,2.0,48.0,22.0,11.0,10.0,14.0,10.0,3.0,14.0,6.0,70.0,40.0,20.0,30.0,20.0,20.0,5.0,,,,,,,,,,,,,,,,,80.0,45.0,25.0,20.0,16.0,7.0,15.0,30.0,26.0,24.0,28.0,20.0,20.0,60.0,30.0,15.0,,,,,,,,,,,,,,,,,,,,,,,,,,,,,,,,,74.5529695977472,42.601696912998406,21.300848456499203,31.9512726847488,21.300848456499203,21.300848456499203,5.325212114124801
FE6,Raigh,All,Shaman,M,0,Druid,N/A,12.0,23.0,12.0,9.0,9.0,6.0,5.0,10.0,4.0,5.0,55.0,45.0,55.0,40.0,15.0,15.0,35.0,3.0,4.0,2.0,2.0,2.0,2.0,1.0,1.0,,,,,,,,,50.0,50.0,32.0,30.0,10.0,37.0,20.0,20.0,20.0,20.0,20.0,20.0,20.0,60.0,30.0,15.0,45.0,55.0,30.0,25.0,10.0,27.0,20.0,29.0,24.0,26.0,21.0,28.0,20.0,60.0,30.0,15.0,,,,,,,,,,,,,,,,,56.780216014272554,46.4565403753139,56.780216014272554,41.29470255583458,15.485513458437966,15.485513458437966,36.13286473635525
FE6,Melady,All,Wyvern Rider,F,10,Wyvern Lord,N/A,10.0,30.0,12.0,11.0,10.0,5.0,13.0,3.0,9.0,7.0,75.0,50.0,50.0,45.0,25.0,20.0,5.0,5.0,2.0,2.0,2.0,2.0,2.0,1.0,1.0,,,,,,,,,80.0,45.0,35.0,30.0,25.0,10.0,25.0,20.0,20.0,20.0,20.0,20.0,20.0,60.0,30.0,15.0,75.0,40.0,30.0,20.0,20.0,7.0,20.0,25.0,26.0,23.0,29.0,23.0,22.0,60.0,30.0,15.0,,,,,,,,,,,,,,,,,76.49832487792969,50.99888325195313,50.99888325195313,45.898994926757815,25.499441625976566,20.39955330078125,5.099888325195312
FE6,Cecilia,All,Valkyrie,F,0,N/A,N/A,1.0,30.0,11.0,7.0,10.0,10.0,7.0,13.0,6.0,8.0,60.0,35.0,45.0,25.0,25.0,20.0,25.0,,,,,,,,,,,,,,,,,45.0,35.0,25.0,45.0,10.0,20.0,40.0,27.0,24.0,25.0,24.0,28.0,20.0,60.0,30.0,15.0,,,,,,,,,,,,,,,,,,,,,,,,,,,,,,,,,63.035506134375,36.77071191171875,47.27662960078125,26.264794222656253,26.264794222656253,21.011835378125003,26.264794222656253
FE6,Sophia,All,Shaman,F,0,Druid,N/A,1.0,15.0,6.0,2.0,4.0,3.0,1.0,8.0,3.0,5.0,60.0,55.0,40.0,30.0,20.0,20.0,55.0,2.0,4.0,2.0,3.0,2.0,2.0,1.0,1.0,,,,,,,,,50.0,45.0,32.0,30.0,10.0,37.0,20.0,20.0,20.0,20.0,20.0,20.0,20.0,60.0,30.0,15.0,45.0,55.0,30.0,25.0,10.0,27.0,20.0,29.0,24.0,26.0,20.0,29.0,20.0,60.0,30.0,15.0,,,,,,,,,,,,,,,,,61.334811289190405,56.22357701509121,40.8898741927936,30.667405644595203,20.4449370963968,20.4449370963968,56.22357701509121
FE6,Igrene,All,Sniper,F,0,N/A,N/A,1.0,32.0,16.0,18.0,15.0,9.0,11.0,10.0,7.0,6.0,70.0,35.0,25.0,35.0,20.0,10.0,5.0,,,,,,,,,,,,,,,,,65.0,30.0,30.0,20.0,15.0,15.0,30.0,23.0,30.0,29.0,21.0,25.0,20.0,60.0,30.0,15.0,,,,,,,,,,,,,,,,,,,,,,,,,,,,,,,,,74.84754956122937,37.423774780614686,26.731267700439066,37.423774780614686,21.38501416035125,10.692507080175625,5.346253540087813
FE6,Garret,All,Berserker,M,11,N/A,N/A,1.0,49.0,17.0,13.0,10.0,12.0,9.0,4.0,13.0,6.0,70.0,45.0,25.0,25.0,15.0,15.0,5.0,,,,,,,,,,,,,,,,,58.0,35.0,25.0,12.0,10.0,10.0,15.0,30.0,24.0,28.0,22.0,24.0,20.0,60.0,30.0,15.0,,,,,,,,,,,,,,,,,,,,,,,,,,,,,,,,,74.743368153801,48.04930809887208,26.69406005492893,26.69406005492893,16.01643603295736,16.01643603295736,5.338812010985787
FE6,Fae,All,Manakete,F,0,N/A,N/A,1.0,16.0,2.0,2.0,3.0,7.0,2.0,6.0,1.0,5.0,130.0,90.0,85.0,65.0,150.0,30.0,50.0,,,,,,,,,,,,,,,,,95.0,40.0,30.0,20.0,0.0,10.0,25.0,20.0,20.0,20.0,20.0,20.0,20.0,60.0,30.0,15.0,,,,,,,,,,,,,,,,,,,,,,,,,,,,,,,,,130.0,90.0,85.0,65.0,150.0,30.0,50.0
FE6,Zeiss,All,Wyvern Rider,M,11,Wyvern Lord,N/A,7.0,28.0,14.0,9.0,8.0,6.0,12.0,2.0,10.0,7.0,80.0,60.0,50.0,35.0,20.0,25.0,5.0,5.0,2.0,2.0,2.0,2.0,1.0,1.0,1.0,,,,,,,,,80.0,45.0,35.0,30.0,25.0,10.0,25.0,20.0,20.0,20.0,20.0,20.0,20.0,60.0,30.0,15.0,75.0,40.0,30.0,20.0,20.0,7.0,20.0,26.0,26.0,23.0,30.0,22.0,21.0,60.0,30.0,15.0,,,,,,,,,,,,,,,,,81.203170592,60.902377943999994,50.751981619999995,35.526387134,20.300792648,25.375990809999998,5.075198162
FE6,Douglas,All,General,M,0,N/A,N/A,8.0,46.0,19.0,13.0,8.0,11.0,20.0,5.0,17.0,5.0,60.0,30.0,30.0,30.0,20.0,30.0,5.0,,,,,,,,,,,,,,,,,75.0,30.0,25.0,10.0,23.0,15.0,20.0,27.0,25.0,21.0,30.0,25.0,20.0,60.0,30.0,15.0,,,,,,,,,,,,,,,,,,,,,,,,,,,,,,,,,64.6990799095296,32.3495399547648,32.3495399547648,32.3495399547648,21.5663599698432,32.3495399547648,5.3915899924608
FE6,Niime,All,Druid,F,0,N/A,N/A,18.0,25.0,21.0,20.0,16.0,15.0,5.0,18.0,4.0,6.0,25.0,15.0,15.0,15.0,5.0,15.0,20.0,,,,,,,,,,,,,,,,,45.0,55.0,30.0,25.0,10.0,27.0,20.0,29.0,24.0,26.0,20.0,29.0,20.0,60.0,30.0,15.0,,,,,,,,,,,,,,,,,,,,,,,,,,,,,,,,,34.65189335212979,20.79113601127787,20.79113601127787,20.79113601127787,6.930378670425958,20.79113601127787,27.72151468170383
FE6,Dayan,All,Nomadic Trooper,M,0,N/A,N/A,12.0,43.0,14.0,16.0,20.0,12.0,10.0,12.0,9.0,8.0,55.0,20.0,20.0,15.0,20.0,10.0,10.0,,,,,,,,,,,,,,,,,60.0,25.0,30.0,35.0,15.0,10.0,25.0,24.0,28.0,30.0,23.0,23.0,20.0,60.0,30.0,15.0,,,,,,,,,,,,,,,,,,,,,,,,,,,,,,,,,65.1086702092288,23.6758800760832,23.6758800760832,17.7569100570624,23.6758800760832,11.8379400380416,11.8379400380416
FE6,Juno,All,Falcoknight,F,0,N/A,N/A,9.0,33.0,11.0,14.0,16.0,14.0,8.0,12.0,7.0,8.0,50.0,20.0,35.0,30.0,45.0,10.0,10.0,,,,,,,,,,,,,,,,,60.0,30.0,30.0,30.0,12.0,20.0,30.0,23.0,25.0,28.0,24.0,28.0,20.0,60.0,30.0,15.0,,,,,,,,,,,,,,,,,,,,,,,,,,,,,,,,,54.382756428049994,21.753102571220005,38.06792949963499,32.62965385683,48.944480785245005,10.876551285610002,10.876551285610002
FE6,Yoder,All,Bishop,M,0,N/A,N/A,20.0,35.0,19.0,18.0,14.0,11.0,5.0,30.0,6.0,6.0,20.0,30.0,15.0,10.0,20.0,10.0,20.0,,,,,,,,,,,,,,,,,45.0,35.0,25.0,22.0,8.0,40.0,40.0,25.0,26.0,25.0,22.0,30.0,20.0,60.0,30.0,15.0,,,,,,,,,,,,,,,,,,,,,,,,,,,,,,,,,26.152962159411203,39.229443239116804,19.614721619558402,13.076481079705601,26.152962159411203,13.076481079705601,26.152962159411203
FE6,Karel,All,Swordmaster,M,0,N/A,N/A,19.0,44.0,20.0,28.0,23.0,18.0,15.0,13.0,9.0,6.0,210.0,130.0,140.0,140.0,120.0,110.0,100.0,,,,,,,,,,,,,,,,,65.0,20.0,30.0,30.0,15.0,12.0,25.0,24.0,29.0,30.0,22.0,23.0,20.0,60.0,30.0,15.0,,,,,,,,,,,,,,,,,,,,,,,,,,,,,,,,,210.0,130.0,140.0,140.0,120.0,110.0,100.0
FE6,Narcian,All,Wyvern Lord,M,0,N/A,N/A,10.0,46.0,16.0,13.0,16.0,13.0,20.0,12.0,11.0,8.0,85.0,50.0,10.0,10.0,30.0,10.0,5.0,,,,,,,,,,,,,,,,,75.0,40.0,30.0,20.0,20.0,7.0,20.0,26.0,26.0,23.0,30.0,22.0,21.0,60.0,30.0,15.0,,,,,,,,,,,,,,,,,,,,,,,,,,,,,,,,,88.20287163725757,51.88404213956328,10.376808427912657,10.376808427912657,31.13042528373797,10.376808427912657,5.1884042139563284
FE6,Galle,All,Wyvern Lord,M,0,N/A,N/A,18.0,49.0,22.0,15.0,13.0,11.0,22.0,14.0,12.0,8.0,40.0,20.0,20.0,15.0,30.0,30.0,5.0,,,,,,,,,,,,,,,,,75.0,40.0,30.0,20.0,20.0,7.0,20.0,26.0,26.0,23.0,30.0,22.0,21.0,60.0,30.0,15.0,,,,,,,,,,,,,,,,,,,,,,,,,,,,,,,,,47.000988819865604,23.500494409932802,23.500494409932802,17.6253708074496,35.2507416148992,35.2507416148992,5.8751236024832005
FE6,Hector,All,General,M,0,N/A,N/A,20.0,43.0,18.0,20.0,10.0,15.0,30.0,15.0,20.0,5.0,85.0,50.0,10.0,10.0,30.0,10.0,5.0,,,,,,,,,,,,,,,,,75.0,30.0,25.0,10.0,23.0,15.0,20.0,27.0,25.0,21.0,30.0,25.0,20.0,60.0,30.0,15.0,,,,,,,,,,,,,,,,,,,,,,,,,,,,,,,,,88.20287163725757,51.88404213956328,10.376808427912657,10.376808427912657,31.13042528373797,10.376808427912657,5.1884042139563284
FE6,Brunnya,All,Sage,F,0,N/A,N/A,20.0,38.0,23.0,18.0,18.0,17.0,18.0,25.0,6.0,6.0,85.0,50.0,10.0,10.0,30.0,10.0,5.0,,,,,,,,,,,,,,,,,45.0,45.0,30.0,25.0,10.0,25.0,15.0,30.0,28.0,25.0,20.0,25.0,20.0,60.0,30.0,15.0,,,,,,,,,,,,,,,,,,,,,,,,,,,,,,,,,88.20287163725757,51.88404213956328,10.376808427912657,10.376808427912657,31.13042528373797,10.376808427912657,5.1884042139563284
FE6,Eliwood,All,Paladin,M,0,N/A,N/A,20.0,48.0,25.0,20.0,22.0,14.0,24.0,15.0,11.0,8.0,60.0,20.0,30.0,35.0,25.0,15.0,5.0,,,,,,,,,,,,,,,,,70.0,25.0,30.0,18.0,12.0,17.0,25.0,25.0,28.0,25.0,25.0,25.0,20.0,60.0,30.0,15.0,,,,,,,,,,,,,,,,,,,,,,,,,,,,,,,,,65.75727216246,21.91909072082,32.87863608123,38.358408761435,27.398863401024997,16.439318040615,5.479772680205
FE6,Murdock,All,General,M,0,N/A,N/A,20.0,60.0,27.0,19.0,12.0,12.0,25.0,17.0,20.0,5.0,85.0,50.0,10.0,10.0,30.0,10.0,5.0,,,,,,,,,,,,,,,,,75.0,30.0,25.0,10.0,23.0,15.0,20.0,27.0,25.0,21.0,30.0,25.0,20.0,60.0,30.0,15.0,,,,,,,,,,,,,,,,,,,,,,,,,,,,,,,,,88.20287163725757,51.88404213956328,10.376808427912657,10.376808427912657,31.13042528373797,10.376808427912657,5.1884042139563284
FE6,Zephiel,All,King,M,0,N/A,N/A,20.0,60.0,24.0,20.0,14.0,15.0,22.0,24.0,17.0,5.0,85.0,50.0,10.0,10.0,30.0,10.0,5.0,,,,,,,,,,,,,,,,,10.0,0.0,0.0,0.0,0.0,0.0,0.0,30.0,30.0,30.0,30.0,30.0,20.0,60.0,30.0,15.0,,,,,,,,,,,,,,,,,,,,,,,,,,,,,,,,,88.20287163725757,51.88404213956328,10.376808427912657,10.376808427912657,31.13042528373797,10.376808427912657,5.1884042139563284
FE6,Guinivere,All,Sage,F,0,N/A,N/A,20.0,29.0,24.0,24.0,23.0,24.0,13.0,25.0,5.0,6.0,60.0,20.0,30.0,35.0,25.0,15.0,5.0,,,,,,,,,,,,,,,,,45.0,45.0,30.0,25.0,10.0,25.0,15.0,30.0,28.0,25.0,20.0,25.0,20.0,60.0,30.0,15.0,,,,,,,,,,,,,,,,,,,,,,,,,,,,,,,,,65.75727216246,21.91909072082,32.87863608123,38.358408761435,27.398863401024997,16.439318040615,5.479772680205
FE6,Gonzalez,Larum's route,Brigand,M,8,Berserker,N/A,5.0,36.0,12.0,5.0,9.0,5.0,6.0,0.0,15.0,5.0,90.0,60.0,15.0,50.0,35.0,25.0,5.0,4.0,2.0,5.0,2.0,3.0,0.0,1.0,1.0,,,,,,,,,82.0,50.0,30.0,20.0,10.0,10.0,15.0,20.0,20.0,20.0,20.0,20.0,20.0,60.0,30.0,15.0,58.0,35.0,25.0,12.0,10.0,10.0,15.0,30.0,24.0,28.0,22.0,24.0,20.0,60.0,30.0,15.0,,,,,,,,,,,,,,,,,90.71415999875391,60.476106665835935,15.119026666458984,50.39675555486328,35.2777288884043,25.19837777743164,5.039675555486328
FE6,Gonzalez,Elffin's route,Brigand,M,8,Berserker,N/A,11.0,36.0,12.0,5.0,9.0,5.0,6.0,0.0,15.0,5.0,90.0,60.0,15.0,50.0,35.0,25.0,5.0,4.0,2.0,5.0,2.0,3.0,0.0,1.0,1.0,,,,,,,,,82.0,50.0,30.0,20.0,10.0,10.0,15.0,20.0,20.0,20.0,20.0,20.0,20.0,60.0,30.0,15.0,58.0,35.0,25.0,12.0,10.0,10.0,15.0,30.0,24.0,28.0,22.0,24.0,20.0,60.0,30.0,15.0,,,,,,,,,,,,,,,,,90.71415999875391,60.476106665835935,15.119026666458984,50.39675555486328,35.2777288884043,25.19837777743164,5.039675555486328
FE6,Hugh,Pay 10k gold,Mage,M,0,Sage,N/A,15.0,26.0,13.0,11.0,12.0,10.0,9.0,9.0,7.0,5.0,75.0,30.0,30.0,45.0,25.0,20.0,15.0,4.0,4.0,2.0,1.0,2.0,2.0,1.0,1.0,,,,,,,,,55.0,55.0,40.0,35.0,5.0,35.0,20.0,20.0,20.0,20.0,20.0,20.0,20.0,60.0,30.0,15.0,45.0,45.0,30.0,25.0,10.0,25.0,15.0,28.0,30.0,25.0,20.0,25.0,20.0,60.0,30.0,15.0,,,,,,,,,,,,,,,,,77.6656459126172,31.066258365046874,31.066258365046874,46.599387547570316,25.88854863753906,20.710838910031253,15.533129182523437
FE6,Hugh,Pay 8k gold,Mage,M,0,Sage,N/A,15.0,25.0,12.0,10.0,11.0,9.0,8.0,8.0,7.0,5.0,75.0,30.0,30.0,45.0,25.0,20.0,15.0,4.0,4.0,2.0,1.0,2.0,2.0,1.0,1.0,,,,,,,,,55.0,55.0,40.0,35.0,5.0,35.0,20.0,20.0,20.0,20.0,20.0,20.0,20.0,60.0,30.0,15.0,45.0,45.0,30.0,25.0,10.0,25.0,15.0,28.0,30.0,25.0,20.0,25.0,20.0,60.0,30.0,15.0,,,,,,,,,,,,,,,,,77.6656459126172,31.066258365046874,31.066258365046874,46.599387547570316,25.88854863753906,20.710838910031253,15.533129182523437
FE6,Hugh,Pay 6k gold,Mage,M,0,Sage,N/A,15.0,24.0,11.0,9.0,10.0,8.0,7.0,7.0,7.0,5.0,75.0,30.0,30.0,45.0,25.0,20.0,15.0,4.0,4.0,2.0,1.0,2.0,2.0,1.0,1.0,,,,,,,,,55.0,55.0,40.0,35.0,5.0,35.0,20.0,20.0,20.0,20.0,20.0,20.0,20.0,60.0,30.0,15.0,45.0,45.0,30.0,25.0,10.0,25.0,15.0,28.0,30.0,25.0,20.0,25.0,20.0,60.0,30.0,15.0,,,,,,,,,,,,,,,,,77.6656459126172,31.066258365046874,31.066258365046874,46.599387547570316,25.88854863753906,20.710838910031253,15.533129182523437
FE6,Hugh,Pay 5k gold,Mage,M,0,Sage,N/A,15.0,23.0,10.0,8.0,9.0,7.0,6.0,6.0,7.0,5.0,75.0,30.0,30.0,45.0,25.0,20.0,15.0,4.0,4.0,2.0,1.0,2.0,2.0,1.0,1.0,,,,,,,,,55.0,55.0,40.0,35.0,5.0,35.0,20.0,20.0,20.0,20.0,20.0,20.0,20.0,60.0,30.0,15.0,45.0,45.0,30.0,25.0,10.0,25.0,15.0,28.0,30.0,25.0,20.0,25.0,20.0,60.0,30.0,15.0,,,,,,,,,,,,,,,,,77.6656459126172,31.066258365046874,31.066258365046874,46.599387547570316,25.88854863753906,20.710838910031253,15.533129182523437
FE6,Perceval,Chapter 13,Paladin,M,0,N/A,N/A,5.0,43.0,17.0,13.0,18.0,12.0,14.0,11.0,12.0,8.0,75.0,30.0,25.0,35.0,20.0,20.0,10.0,,,,,,,,,,,,,,,,,70.0,25.0,30.0,18.0,12.0,17.0,25.0,25.0,28.0,25.0,25.0,25.0,20.0,60.0,30.0,15.0,,,,,,,,,,,,,,,,,,,,,,,,,,,,,,,,,78.86660547,31.546642187999996,26.28886849,36.804415885999994,21.031094792,21.031094792,10.515547396
FE6,Perceval,Chapter 15,Paladin,M,11,N/A,N/A,5.0,43.0,17.0,13.0,18.0,12.0,14.0,11.0,12.0,8.0,75.0,30.0,25.0,35.0,20.0,20.0,10.0,,,,,,,,,,,,,,,,,70.0,25.0,30.0,18.0,12.0,17.0,25.0,25.0,28.0,25.0,25.0,25.0,20.0,60.0,30.0,15.0,,,,,,,,,,,,,,,,,,,,,,,,,,,,,,,,,78.86660547,31.546642187999996,26.28886849,36.804415885999994,21.031094792,21.031094792,10.515547396
FE6,Cath,Chapter 12,Thief,F,9,N/A,N/A,5.0,16.0,3.0,7.0,11.0,8.0,2.0,1.0,5.0,6.0,80.0,40.0,45.0,85.0,50.0,15.0,20.0,,,,,,,,,,,,,,,,,45.0,5.0,45.0,40.0,5.0,20.0,40.0,20.0,20.0,20.0,20.0,20.0,20.0,60.0,30.0,15.0,,,,,,,,,,,,,,,,,,,,,,,,,,,,,,,,,80.27018639648001,40.13509319824001,45.151979848020005,85.28707304625999,50.1688664978,15.05065994934,20.067546599120003
FE6,Cath,Chapter 16,Thief,F,11,N/A,N/A,5.0,16.0,3.0,7.0,11.0,8.0,2.0,1.0,5.0,6.0,80.0,40.0,45.0,85.0,50.0,15.0,20.0,,,,,,,,,,,,,,,,,45.0,5.0,45.0,40.0,5.0,20.0,40.0,20.0,20.0,20.0,20.0,20.0,20.0,60.0,30.0,15.0,,,,,,,,,,,,,,,,,,,,,,,,,,,,,,,,,80.27018639648001,40.13509319824001,45.151979848020005,85.28707304625999,50.1688664978,15.05065994934,20.067546599120003
FE6,Cath,Chapter 20,Thief,F,13,N/A,N/A,5.0,16.0,3.0,7.0,11.0,8.0,2.0,1.0,5.0,6.0,80.0,40.0,45.0,85.0,50.0,15.0,20.0,,,,,,,,,,,,,,,,,45.0,5.0,45.0,40.0,5.0,20.0,40.0,20.0,20.0,20.0,20.0,20.0,20.0,60.0,30.0,15.0,,,,,,,,,,,,,,,,,,,,,,,,,,,,,,,,,80.27018639648001,40.13509319824001,45.151979848020005,85.28707304625999,50.1688664978,15.05065994934,20.067546599120003
FE6,Cath,Chapter 22,Thief,F,14,N/A,N/A,5.0,16.0,3.0,7.0,11.0,8.0,2.0,1.0,5.0,6.0,80.0,40.0,45.0,85.0,50.0,15.0,20.0,,,,,,,,,,,,,,,,,45.0,5.0,45.0,40.0,5.0,20.0,40.0,20.0,20.0,20.0,20.0,20.0,20.0,60.0,30.0,15.0,,,,,,,,,,,,,,,,,,,,,,,,,,,,,,,,,80.27018639648001,40.13509319824001,45.151979848020005,85.28707304625999,50.1688664978,15.05065994934,20.067546599120003
FE6,Klein,Chapter 11A (Larum's route),Sniper,M,9,N/A,N/A,1.0,27.0,13.0,13.0,11.0,10.0,8.0,6.0,7.0,6.0,60.0,35.0,40.0,45.0,50.0,15.0,25.0,,,,,,,,,,,,,,,,,65.0,30.0,30.0,20.0,15.0,15.0,30.0,24.0,30.0,29.0,22.0,23.0,20.0,60.0,30.0,15.0,,,,,,,,,,,,,,,,,,,,,,,,,,,,,,,,,61.685802247593756,35.983384644429684,41.1238681650625,46.26435168569532,51.40483520632812,15.421450561898439,25.70241760316406
FE6,Thea,Chapter 11A (Larum's route),Pegasus Knight,F,9,Falcoknight,N/A,8.0,22.0,6.0,8.0,11.0,3.0,7.0,6.0,5.0,7.0,60.0,40.0,45.0,55.0,40.0,15.0,20.0,6.0,2.0,2.0,2.0,2.0,2.0,1.0,1.0,,,,,,,,,65.0,35.0,40.0,40.0,12.0,25.0,35.0,20.0,20.0,20.0,20.0,20.0,20.0,60.0,30.0,15.0,60.0,30.0,30.0,30.0,12.0,20.0,30.0,23.0,25.0,28.0,24.0,28.0,20.0,60.0,30.0,15.0,,,,,,,,,,,,,,,,,61.489352695142394,40.9929017967616,46.1170145213568,56.3652399705472,40.9929017967616,15.372338173785598,20.4964508983808
FE6,Klein,Chapter 10B Elffin's route),Sniper,M,8,N/A,N/A,1.0,27.0,13.0,13.0,11.0,10.0,8.0,6.0,7.0,6.0,60.0,35.0,40.0,45.0,50.0,15.0,25.0,,,,,,,,,,,,,,,,,65.0,30.0,30.0,20.0,15.0,15.0,30.0,24.0,30.0,29.0,22.0,23.0,20.0,60.0,30.0,15.0,,,,,,,,,,,,,,,,,,,,,,,,,,,,,,,,,61.685802247593756,35.983384644429684,41.1238681650625,46.26435168569532,51.40483520632812,15.421450561898439,25.70241760316406
FE6,Thea,Chapter 10B Elffin's route),Pegasus Knight,F,8,Falcoknight,N/A,8.0,22.0,6.0,8.0,11.0,3.0,7.0,6.0,5.0,7.0,60.0,40.0,45.0,55.0,40.0,15.0,20.0,6.0,2.0,2.0,2.0,2.0,2.0,1.0,1.0,,,,,,,,,65.0,35.0,40.0,40.0,12.0,25.0,35.0,20.0,20.0,20.0,20.0,20.0,20.0,60.0,30.0,15.0,60.0,30.0,30.0,30.0,12.0,20.0,30.0,23.0,25.0,28.0,24.0,28.0,20.0,60.0,30.0,15.0,,,,,,,,,,,,,,,,,61.489352695142394,40.9929017967616,46.1170145213568,56.3652399705472,40.9929017967616,15.372338173785598,20.4964508983808
FE7,Lyn,Lyn's Tale,Lord (Lyn),F,0,Blade Lord,N/A,1.0,16.0,4.0,7.0,9.0,5.0,2.0,0.0,5.0,5.0,70.0,40.0,60.0,60.0,55.0,20.0,30.0,3.0,2.0,2.0,0.0,3.0,5.0,1.0,1.0,,,,,,,,,90.0,45.0,40.0,45.0,15.0,20.0,40.0,20.0,20.0,20.0,20.0,20.0,20.0,60.0,30.0,15.0,90.0,45.0,40.0,45.0,15.0,12.0,40.0,24.0,29.0,30.0,22.0,22.0,25.0,60.0,30.0,15.0,,,,,,,,,,,,,,,,,70.5117190930432,40.29241091031041,60.438616365465606,60.438616365465606,55.40206500167682,20.146205455155204,30.219308182732803
FE7,Sain,Lyn's Tale,Cavalier,M,0,Paladin,N/A,1.0,19.0,8.0,4.0,6.0,4.0,6.0,0.0,9.0,7.0,80.0,60.0,35.0,40.0,35.0,20.0,20.0,2.0,1.0,1.0,1.0,2.0,1.0,2.0,1.0,,,,,,,,,75.0,35.0,40.0,28.0,15.0,15.0,30.0,20.0,20.0,20.0,20.0,20.0,20.0,60.0,30.0,15.0,70.0,25.0,30.0,18.0,12.0,20.0,25.0,25.0,26.0,24.0,25.0,25.0,25.0,60.0,30.0,15.0,,,,,,,,,,,,,,,,,81.05181277061119,60.7888595779584,35.4601680871424,40.525906385305596,35.4601680871424,20.262953192652798,20.262953192652798
FE7,Kent,Lyn's Tale,Cavalier,M,0,Paladin,N/A,1.0,20.0,6.0,6.0,7.0,2.0,5.0,1.0,9.0,7.0,85.0,40.0,50.0,45.0,20.0,25.0,25.0,2.0,1.0,1.0,1.0,2.0,1.0,2.0,1.0,,,,,,,,,75.0,35.0,40.0,28.0,15.0,15.0,30.0,20.0,20.0,20.0,20.0,20.0,20.0,60.0,30.0,15.0,70.0,25.0,30.0,18.0,12.0,20.0,25.0,25.0,26.0,24.0,25.0,25.0,25.0,60.0,30.0,15.0,,,,,,,,,,,,,,,,,85.95723123203125,40.45046175625,50.5630771953125,45.50676947578125,20.225230878125,25.28153859765625,25.28153859765625
FE7,Florina,Lyn's Tale,Pegasus Knight,F,0,Falcoknight,N/A,1.0,17.0,5.0,7.0,9.0,7.0,4.0,4.0,4.0,7.0,60.0,40.0,50.0,55.0,50.0,15.0,35.0,5.0,2.0,0.0,0.0,2.0,2.0,1.0,1.0,,,,,,,,,65.0,35.0,40.0,40.0,12.0,35.0,35.0,20.0,20.0,20.0,20.0,20.0,20.0,60.0,30.0,15.0,60.0,30.0,30.0,30.0,12.0,30.0,30.0,23.0,25.0,28.0,23.0,26.0,25.0,60.0,30.0,15.0,,,,,,,,,,,,,,,,,60.908401908375,40.605601272250006,50.7570015903125,55.83270174934375,50.7570015903125,15.22710047709375,35.52990111321875
FE7,Wil,Lyn's Tale,Archer,M,0,Sniper,N/A,2.0,20.0,6.0,5.0,5.0,6.0,5.0,0.0,6.0,5.0,75.0,50.0,50.0,40.0,40.0,20.0,25.0,3.0,1.0,2.0,2.0,2.0,3.0,1.0,1.0,,,,,,,,,70.0,35.0,40.0,32.0,15.0,15.0,35.0,20.0,20.0,20.0,20.0,20.0,20.0,60.0,30.0,15.0,65.0,30.0,30.0,20.0,15.0,20.0,30.0,25.0,30.0,28.0,25.0,23.0,20.0,60.0,30.0,15.0,,,,,,,,,,,,,,,,,76.02616875,50.6841125,50.6841125,40.547290000000004,40.547290000000004,20.273645000000002,25.34205625
FE7,Dorcas,Lyn's Tale,Fighter,M,0,Warrior,N/A,3.0,30.0,7.0,7.0,6.0,3.0,3.0,0.0,14.0,5.0,80.0,60.0,40.0,20.0,45.0,25.0,15.0,3.0,1.0,2.0,0.0,3.0,3.0,2.0,1.0,,,,,,,,,85.0,55.0,35.0,30.0,15.0,15.0,15.0,20.0,20.0,20.0,20.0,20.0,20.0,60.0,30.0,15.0,80.0,45.0,25.0,20.0,16.0,17.0,15.0,30.0,28.0,26.0,26.0,22.0,20.0,60.0,30.0,15.0,,,,,,,,,,,,,,,,,81.09162234368,60.81871675776001,40.54581117184,20.27290558592,45.61403756832,25.3411319824,15.204679189440002
FE7,Serra,Lyn's Tale,Cleric,F,0,Bishop,N/A,1.0,17.0,2.0,5.0,8.0,6.0,2.0,5.0,4.0,5.0,50.0,50.0,30.0,40.0,60.0,15.0,55.0,3.0,1.0,2.0,1.0,2.0,2.0,1.0,1.0,,,,,,,,,50.0,30.0,35.0,32.0,8.0,50.0,45.0,20.0,20.0,20.0,20.0,20.0,20.0,60.0,30.0,15.0,45.0,35.0,25.0,22.0,8.0,50.0,40.0,25.0,25.0,26.0,21.0,30.0,25.0,60.0,30.0,15.0,,,,,,,,,,,,,,,,,50.816154211249994,50.816154211249994,30.489692526749995,40.652923369,60.97938505349999,15.244846263374997,55.897769632375
FE7,Erk,Lyn's Tale,Mage,M,0,Sage,N/A,1.0,17.0,5.0,6.0,7.0,3.0,2.0,4.0,5.0,5.0,65.0,40.0,40.0,50.0,30.0,20.0,40.0,4.0,1.0,0.0,0.0,3.0,3.0,1.0,1.0,,,,,,,,,55.0,55.0,40.0,35.0,5.0,30.0,20.0,20.0,20.0,20.0,20.0,20.0,20.0,60.0,30.0,15.0,45.0,45.0,30.0,25.0,10.0,40.0,15.0,28.0,30.0,26.0,21.0,25.0,20.0,60.0,30.0,15.0,,,,,,,,,,,,,,,,,66.40504547456,40.86464336896,40.86464336896,51.080804211200004,30.648482526719995,20.43232168448,40.86464336896
FE7,Rath,Lyn's Tale,Nomad,M,0,Nomadic Trooper,N/A,7.0,25.0,8.0,9.0,10.0,5.0,7.0,2.0,8.0,7.0,80.0,50.0,40.0,50.0,30.0,10.0,25.0,3.0,2.0,1.0,1.0,3.0,3.0,1.0,1.0,,,,,,,,,65.0,30.0,40.0,45.0,12.0,15.0,30.0,20.0,20.0,20.0,20.0,20.0,20.0,60.0,30.0,15.0,60.0,25.0,30.0,35.0,15.0,15.0,25.0,25.0,28.0,30.0,24.0,23.0,20.0,60.0,30.0,15.0,,,,,,,,,,,,,,,,,81.15007445,50.71879653125,40.575037225,50.71879653125,30.43127791875,10.14375930625,25.359398265625
FE7,Matthew,Lyn's Tale,Thief,M,0,Assassin,N/A,2.0,18.0,4.0,4.0,11.0,2.0,3.0,0.0,7.0,6.0,75.0,30.0,40.0,70.0,50.0,25.0,20.0,3.0,1.0,0.0,0.0,2.0,2.0,0.0,0.0,,,,,,,,,50.0,5.0,45.0,40.0,5.0,20.0,40.0,20.0,20.0,20.0,20.0,20.0,20.0,60.0,30.0,15.0,50.0,5.0,45.0,40.0,5.0,20.0,40.0,20.0,30.0,30.0,20.0,20.0,20.0,60.0,30.0,15.0,,,,,,,,,,,,,,,,,75.7154476875,30.286179074999996,40.3815721,70.667751175,50.47696512499999,25.238482562499996,20.19078605
FE7,Nils,Lyn's Tale,Bard,M,0,N/A,N/A,1.0,14.0,0.0,0.0,12.0,10.0,5.0,4.0,3.0,5.0,85.0,5.0,5.0,70.0,80.0,30.0,70.0,,,,,,,,,,,,,,,,,45.0,45.0,30.0,60.0,0.0,13.0,70.0,10.0,10.0,30.0,24.0,26.0,20.0,60.0,30.0,15.0,,,,,,,,,,,,,,,,,,,,,,,,,,,,,,,,,85.14523393231093,5.008543172488878,5.008543172488878,70.11960441484429,80.13669075982205,30.05125903493327,70.11960441484429
FE7,Lucius,Lyn's Tale,Monk,M,0,Bishop,N/A,3.0,18.0,7.0,6.0,10.0,2.0,1.0,6.0,6.0,5.0,55.0,60.0,50.0,40.0,20.0,10.0,60.0,3.0,2.0,1.0,0.0,3.0,2.0,1.0,1.0,,,,,,,,,50.0,30.0,35.0,32.0,8.0,40.0,45.0,20.0,20.0,20.0,20.0,20.0,20.0,60.0,30.0,15.0,45.0,35.0,25.0,22.0,8.0,40.0,40.0,25.0,26.0,24.0,22.0,30.0,25.0,60.0,30.0,15.0,,,,,,,,,,,,,,,,,55.868662558720004,60.947631882239996,50.7896932352,40.63175458816001,20.315877294080003,10.157938647040002,60.947631882239996
FE7,Wallace,Lyn's Tale,Knight,M,0,General,N/A,12.0,30.0,13.0,7.0,5.0,10.0,15.0,2.0,13.0,4.0,70.0,45.0,40.0,20.0,30.0,35.0,35.0,4.0,2.0,2.0,3.0,2.0,3.0,2.0,1.0,,,,,,,,,80.0,40.0,30.0,15.0,28.0,20.0,25.0,20.0,20.0,20.0,20.0,20.0,20.0,60.0,30.0,15.0,75.0,30.0,20.0,10.0,23.0,25.0,20.0,29.0,27.0,24.0,30.0,25.0,20.0,60.0,30.0,15.0,,,,,,,,,,,,,,,,,71.67804389672919,46.078742505040196,40.9588822267024,20.4794411133512,30.7191616700268,35.839021948364596,35.839021948364596
FE7,Eliwood,Eliwood/Hector's Tale,Lord (Eliwood),M,0,Knight Lord,N/A,1.0,18.0,5.0,5.0,7.0,7.0,5.0,0.0,7.0,5.0,80.0,45.0,50.0,40.0,45.0,30.0,35.0,4.0,2.0,0.0,1.0,1.0,3.0,2.0,2.0,,,,,,,,,90.0,45.0,40.0,45.0,15.0,15.0,40.0,20.0,20.0,20.0,20.0,20.0,20.0,60.0,30.0,15.0,90.0,45.0,40.0,45.0,15.0,15.0,40.0,27.0,26.0,24.0,23.0,25.0,25.0,60.0,30.0,15.0,,,,,,,,,,,,,,,,,80.666115895445,45.37469019118781,50.41632243465312,40.3330579477225,45.37469019118781,30.249793460791874,35.291425704257186
FE7,Lowen,Eliwood/Hector's Tale,Cavalier,M,0,Paladin,N/A,2.0,23.0,7.0,5.0,7.0,3.0,7.0,0.0,10.0,7.0,90.0,30.0,30.0,30.0,50.0,40.0,30.0,2.0,1.0,1.0,1.0,2.0,1.0,2.0,1.0,,,,,,,,,75.0,35.0,40.0,28.0,15.0,15.0,30.0,20.0,20.0,20.0,20.0,20.0,20.0,60.0,30.0,15.0,70.0,25.0,30.0,18.0,12.0,20.0,25.0,25.0,26.0,24.0,25.0,25.0,25.0,60.0,30.0,15.0,,,,,,,,,,,,,,,,,90.65293948881,30.21764649627,30.21764649627,30.21764649627,50.36274416045,40.29019532836,30.21764649627
FE7,Marcus,Eliwood/Hector's Tale,Paladin,M,0,N/A,N/A,1.0,31.0,15.0,15.0,11.0,8.0,10.0,8.0,11.0,8.0,65.0,30.0,50.0,25.0,30.0,15.0,35.0,,,,,,,,,,,,,,,,,70.0,25.0,30.0,18.0,12.0,20.0,25.0,25.0,26.0,24.0,25.0,25.0,25.0,60.0,30.0,15.0,,,,,,,,,,,,,,,,,,,,,,,,,,,,,,,,,67.39168968416175,31.10385677730542,51.839761295509035,25.919880647754518,31.10385677730542,15.55192838865271,36.28783290685632
FE7,Rebecca,Eliwood/Hector's Tale,Archer,F,0,Sniper,N/A,1.0,17.0,4.0,5.0,6.0,4.0,3.0,1.0,5.0,5.0,60.0,40.0,50.0,60.0,50.0,15.0,30.0,4.0,3.0,1.0,1.0,2.0,2.0,1.0,1.0,,,,,,,,,70.0,35.0,40.0,32.0,15.0,20.0,35.0,20.0,20.0,20.0,20.0,20.0,20.0,60.0,30.0,15.0,65.0,30.0,30.0,20.0,15.0,25.0,30.0,24.0,30.0,29.0,24.0,24.0,20.0,60.0,30.0,15.0,,,,,,,,,,,,,,,,,60.869035104000005,40.579356736,50.72419592000001,60.869035104000005,50.72419592000001,15.217258776000001,30.434517552000003
FE7,Dorcas,Eliwood/Hector's Tale,Fighter,M,0,Warrior,N/A,3.0,30.0,7.0,7.0,6.0,3.0,3.0,0.0,14.0,5.0,80.0,60.0,40.0,20.0,45.0,25.0,15.0,3.0,1.0,2.0,0.0,3.0,3.0,2.0,1.0,,,,,,,,,85.0,55.0,35.0,30.0,15.0,15.0,15.0,20.0,20.0,20.0,20.0,20.0,20.0,60.0,30.0,15.0,80.0,45.0,25.0,20.0,16.0,17.0,15.0,30.0,28.0,26.0,26.0,22.0,20.0,60.0,30.0,15.0,,,,,,,,,,,,,,,,,81.09162234368,60.81871675776001,40.54581117184,20.27290558592,45.61403756832,25.3411319824,15.204679189440002
FE7,Bartre,Eliwood/Hector's Tale,Fighter,M,0,Warrior,N/A,2.0,29.0,9.0,5.0,3.0,4.0,4.0,0.0,13.0,5.0,85.0,50.0,35.0,40.0,30.0,30.0,25.0,3.0,1.0,2.0,0.0,3.0,3.0,2.0,1.0,,,,,,,,,85.0,55.0,35.0,30.0,15.0,15.0,15.0,20.0,20.0,20.0,20.0,20.0,20.0,60.0,30.0,15.0,80.0,45.0,25.0,20.0,16.0,17.0,15.0,30.0,28.0,26.0,26.0,22.0,20.0,60.0,30.0,15.0,,,,,,,,,,,,,,,,,85.9235185453457,50.543246203144534,35.38027234220117,40.43459696251563,30.32594772188672,30.32594772188672,25.271623101572267
FE7,Hector,Eliwood/Hector's Tale,Lord (Hector),M,0,Great Lord,N/A,1.0,19.0,7.0,4.0,5.0,3.0,8.0,0.0,13.0,5.0,90.0,60.0,45.0,35.0,30.0,50.0,25.0,3.0,0.0,2.0,3.0,1.0,5.0,2.0,0.0,,,,,,,,,90.0,45.0,40.0,45.0,15.0,12.0,40.0,20.0,20.0,20.0,20.0,20.0,20.0,60.0,30.0,15.0,90.0,45.0,40.0,45.0,15.0,20.0,40.0,30.0,24.0,24.0,29.0,20.0,25.0,60.0,30.0,15.0,,,,,,,,,,,,,,,,,90.33910565751563,60.22607043834375,45.169552828757816,35.13187442236719,30.113035219171874,50.18839203195312,25.09419601597656
FE7,Oswin,Eliwood/Hector's Tale,Knight,M,0,General,N/A,9.0,28.0,13.0,9.0,5.0,3.0,13.0,3.0,14.0,4.0,90.0,40.0,30.0,30.0,35.0,55.0,30.0,4.0,2.0,2.0,3.0,2.0,3.0,2.0,1.0,,,,,,,,,80.0,40.0,30.0,15.0,28.0,20.0,25.0,20.0,20.0,20.0,20.0,20.0,20.0,60.0,30.0,15.0,75.0,30.0,20.0,10.0,23.0,25.0,20.0,29.0,27.0,24.0,30.0,25.0,20.0,60.0,30.0,15.0,,,,,,,,,,,,,,,,,90.54502975675103,40.242235447444905,30.181676585583673,30.181676585583673,35.211956016514286,55.333073740236735,30.181676585583673
FE7,Serra,Eliwood/Hector's Tale,Cleric,F,0,Bishop,N/A,1.0,17.0,2.0,5.0,8.0,6.0,2.0,5.0,4.0,5.0,50.0,50.0,30.0,40.0,60.0,15.0,55.0,3.0,1.0,2.0,1.0,2.0,2.0,1.0,1.0,,,,,,,,,50.0,30.0,35.0,32.0,8.0,50.0,45.0,20.0,20.0,20.0,20.0,20.0,20.0,60.0,30.0,15.0,45.0,35.0,25.0,22.0,8.0,50.0,40.0,25.0,25.0,26.0,21.0,30.0,25.0,60.0,30.0,15.0,,,,,,,,,,,,,,,,,50.816154211249994,50.816154211249994,30.489692526749995,40.652923369,60.97938505349999,15.244846263374997,55.897769632375
FE7,Matthew,Eliwood/Hector's Tale,Thief,M,0,Assassin,N/A,2.0,18.0,4.0,4.0,11.0,2.0,3.0,0.0,7.0,6.0,75.0,30.0,40.0,70.0,50.0,25.0,20.0,3.0,1.0,0.0,0.0,2.0,2.0,0.0,0.0,,,,,,,,,50.0,5.0,45.0,40.0,5.0,20.0,40.0,20.0,20.0,20.0,20.0,20.0,20.0,60.0,30.0,15.0,50.0,5.0,45.0,40.0,5.0,20.0,40.0,20.0,30.0,30.0,20.0,20.0,20.0,60.0,30.0,15.0,,,,,,,,,,,,,,,,,75.7154476875,30.286179074999996,40.3815721,70.667751175,50.47696512499999,25.238482562499996,20.19078605
FE7,Guy,Eliwood/Hector's Tale,Myrmidon,M,5,Swordmaster,N/A,3.0,21.0,6.0,11.0,11.0,5.0,5.0,0.0,5.0,5.0,75.0,30.0,50.0,70.0,45.0,15.0,25.0,5.0,2.0,0.0,0.0,2.0,1.0,1.0,1.0,,,,,,,,,70.0,35.0,40.0,40.0,15.0,20.0,30.0,20.0,20.0,20.0,20.0,20.0,20.0,60.0,30.0,15.0,65.0,25.0,30.0,30.0,15.0,22.0,25.0,24.0,29.0,30.0,22.0,23.0,25.0,60.0,30.0,15.0,,,,,,,,,,,,,,,,,75.69664636051941,30.278658544207765,50.46443090701294,70.6502032698181,45.417987816311644,15.139329272103883,25.23221545350647
FE7,Merlinus,Eliwood/Hector's Tale,Transporter (Tent),M,0,Transporter (Wagon),N/A,5.0,18.0,0.0,4.0,5.0,12.0,5.0,2.0,25.0,0.0,120.0,0.0,90.0,90.0,100.0,30.0,15.0,0.0,0.0,0.0,0.0,0.0,0.0,0.0,0.0,,,,,,,,,10.0,0.0,0.0,0.0,0.0,10.0,0.0,20.0,20.0,20.0,20.0,20.0,20.0,60.0,30.0,15.0,10.0,0.0,0.0,0.0,0.0,10.0,0.0,20.0,20.0,20.0,20.0,20.0,20.0,60.0,30.0,15.0,,,,,,,,,,,,,,,,,120.0,0.0,90.0,90.0,100.0,30.0,15.0
FE7,Erk,Eliwood/Hector's Tale,Mage,M,0,Sage,N/A,1.0,17.0,5.0,6.0,7.0,3.0,2.0,4.0,5.0,5.0,65.0,40.0,40.0,50.0,30.0,20.0,40.0,4.0,1.0,0.0,0.0,3.0,3.0,1.0,1.0,,,,,,,,,55.0,55.0,40.0,35.0,5.0,30.0,20.0,20.0,20.0,20.0,20.0,20.0,20.0,60.0,30.0,15.0,45.0,45.0,30.0,25.0,10.0,40.0,15.0,28.0,30.0,26.0,21.0,25.0,20.0,60.0,30.0,15.0,,,,,,,,,,,,,,,,,66.40504547456,40.86464336896,40.86464336896,51.080804211200004,30.648482526719995,20.43232168448,40.86464336896
FE7,Priscilla,Eliwood/Hector's Tale,Troubadour,F,0,Valkyrie,N/A,3.0,16.0,6.0,6.0,8.0,7.0,3.0,6.0,4.0,7.0,45.0,40.0,50.0,40.0,65.0,15.0,50.0,3.0,2.0,1.0,0.0,2.0,3.0,1.0,1.0,,,,,,,,,50.0,25.0,35.0,55.0,12.0,40.0,45.0,20.0,20.0,20.0,20.0,20.0,20.0,60.0,30.0,15.0,45.0,35.0,25.0,45.0,10.0,40.0,40.0,25.0,24.0,25.0,24.0,28.0,25.0,60.0,30.0,15.0,,,,,,,,,,,,,,,,,45.67244005975782,40.5977244975625,50.747155621953134,40.5977244975625,65.97130230853907,15.224146686585938,50.747155621953134
FE7,Lyn,Eliwood/Hector's Tale,Lord (Lyn),F,0,Blade Lord,N/A,4.0,18.0,5.0,10.0,11.0,5.0,2.0,0.0,5.0,5.0,70.0,40.0,60.0,60.0,55.0,20.0,30.0,3.0,2.0,2.0,0.0,3.0,5.0,1.0,1.0,,,,,,,,,90.0,45.0,40.0,45.0,15.0,20.0,40.0,20.0,20.0,20.0,20.0,20.0,20.0,60.0,30.0,15.0,90.0,45.0,40.0,45.0,15.0,12.0,40.0,24.0,29.0,30.0,22.0,22.0,25.0,60.0,30.0,15.0,,,,,,,,,,,,,,,,,70.5117190930432,40.29241091031041,60.438616365465606,60.438616365465606,55.40206500167682,20.146205455155204,30.219308182732803
FE7,Wil,Eliwood/Hector's Tale,Archer,M,0,Sniper,N/A,4.0,21.0,6.0,5.0,6.0,7.0,5.0,1.0,6.0,5.0,75.0,50.0,50.0,40.0,40.0,20.0,25.0,3.0,1.0,2.0,2.0,2.0,3.0,1.0,1.0,,,,,,,,,70.0,35.0,40.0,32.0,15.0,15.0,35.0,20.0,20.0,20.0,20.0,20.0,20.0,60.0,30.0,15.0,65.0,30.0,30.0,20.0,15.0,20.0,30.0,25.0,30.0,28.0,25.0,23.0,20.0,60.0,30.0,15.0,,,,,,,,,,,,,,,,,76.02616875,50.6841125,50.6841125,40.547290000000004,40.547290000000004,20.273645000000002,25.34205625
FE7,Kent,Eliwood/Hector's Tale,Cavalier,M,0,Paladin,N/A,5.0,23.0,8.0,7.0,8.0,4.0,6.0,1.0,9.0,7.0,85.0,40.0,50.0,45.0,20.0,25.0,25.0,2.0,1.0,1.0,1.0,2.0,1.0,2.0,1.0,,,,,,,,,75.0,35.0,40.0,28.0,15.0,15.0,30.0,20.0,20.0,20.0,20.0,20.0,20.0,60.0,30.0,15.0,70.0,25.0,30.0,18.0,12.0,20.0,25.0,25.0,26.0,24.0,25.0,25.0,25.0,60.0,30.0,15.0,,,,,,,,,,,,,,,,,85.95723123203125,40.45046175625,50.5630771953125,45.50676947578125,20.225230878125,25.28153859765625,25.28153859765625
FE7,Sain,Eliwood/Hector's Tale,Cavalier,M,0,Paladin,N/A,4.0,22.0,9.0,5.0,7.0,5.0,7.0,0.0,9.0,7.0,80.0,60.0,35.0,40.0,35.0,20.0,20.0,2.0,1.0,1.0,1.0,2.0,1.0,2.0,1.0,,,,,,,,,75.0,35.0,40.0,28.0,15.0,15.0,30.0,20.0,20.0,20.0,20.0,20.0,20.0,60.0,30.0,15.0,70.0,25.0,30.0,18.0,12.0,20.0,25.0,25.0,26.0,24.0,25.0,25.0,25.0,60.0,30.0,15.0,,,,,,,,,,,,,,,,,81.05181277061119,60.7888595779584,35.4601680871424,40.525906385305596,35.4601680871424,20.262953192652798,20.262953192652798
FE7,Florina,Eliwood/Hector's Tale,Pegasus Knight,F,0,Falcoknight,N/A,3.0,18.0,6.0,8.0,9.0,8.0,4.0,5.0,4.0,7.0,60.0,40.0,50.0,55.0,50.0,15.0,35.0,5.0,2.0,0.0,0.0,2.0,2.0,1.0,1.0,,,,,,,,,65.0,35.0,40.0,40.0,12.0,35.0,35.0,20.0,20.0,20.0,20.0,20.0,20.0,60.0,30.0,15.0,60.0,30.0,30.0,30.0,12.0,30.0,30.0,23.0,25.0,28.0,23.0,26.0,25.0,60.0,30.0,15.0,,,,,,,,,,,,,,,,,60.908401908375,40.605601272250006,50.7570015903125,55.83270174934375,50.7570015903125,15.22710047709375,35.52990111321875
FE7,Raven,Eliwood/Hector's Tale,Mercenary,M,5,Hero,N/A,5.0,25.0,8.0,11.0,13.0,2.0,5.0,1.0,8.0,5.0,85.0,55.0,40.0,45.0,35.0,25.0,15.0,4.0,0.0,2.0,2.0,2.0,2.0,1.0,1.0,,,,,,,,,80.0,40.0,40.0,32.0,18.0,20.0,30.0,20.0,20.0,20.0,20.0,20.0,20.0,60.0,30.0,15.0,75.0,30.0,30.0,20.0,20.0,20.0,25.0,25.0,30.0,26.0,25.0,22.0,20.0,60.0,30.0,15.0,,,,,,,,,,,,,,,,,85.79180898085195,55.51234698761009,40.37261599098915,45.41919298986279,35.32603899211551,25.23288499436822,15.139730996620932
FE7,Lucius,Eliwood/Hector's Tale,Monk,M,0,Bishop,N/A,3.0,18.0,7.0,6.0,10.0,2.0,1.0,6.0,6.0,5.0,55.0,60.0,50.0,40.0,20.0,10.0,60.0,3.0,2.0,1.0,0.0,3.0,2.0,1.0,1.0,,,,,,,,,50.0,30.0,35.0,32.0,8.0,40.0,45.0,20.0,20.0,20.0,20.0,20.0,20.0,60.0,30.0,15.0,45.0,35.0,25.0,22.0,8.0,40.0,40.0,25.0,26.0,24.0,22.0,30.0,25.0,60.0,30.0,15.0,,,,,,,,,,,,,,,,,55.868662558720004,60.947631882239996,50.7896932352,40.63175458816001,20.315877294080003,10.157938647040002,60.947631882239996
FE7,Canas,Eliwood/Hector's Tale,Shaman,M,0,Druid,N/A,8.0,21.0,10.0,9.0,8.0,7.0,5.0,8.0,7.0,5.0,70.0,45.0,40.0,35.0,25.0,25.0,45.0,4.0,0.0,0.0,3.0,2.0,2.0,1.0,1.0,,,,,,,,,50.0,50.0,32.0,30.0,10.0,30.0,20.0,20.0,20.0,20.0,20.0,20.0,20.0,60.0,30.0,15.0,45.0,55.0,30.0,25.0,10.0,35.0,20.0,29.0,26.0,26.0,21.0,28.0,20.0,60.0,30.0,15.0,,,,,,,,,,,,,,,,,71.42132346386303,45.91370794105481,40.81218483649317,35.710661731931516,25.507615522808223,25.507615522808223,45.91370794105481
FE7,Dart,Eliwood/Hector's Tale,Pirate,M,0,Berserker,N/A,8.0,34.0,12.0,8.0,8.0,3.0,6.0,1.0,10.0,5.0,70.0,65.0,20.0,60.0,35.0,20.0,15.0,4.0,1.0,1.0,1.0,2.0,2.0,3.0,1.0,,,,,,,,,75.0,50.0,35.0,25.0,10.0,13.0,15.0,20.0,20.0,20.0,20.0,20.0,20.0,60.0,30.0,15.0,75.0,50.0,35.0,25.0,10.0,13.0,15.0,30.0,29.0,28.0,23.0,21.0,20.0,60.0,30.0,15.0,,,,,,,,,,,,,,,,,71.0550230699008,65.9796642791936,20.301435162828803,60.9043054884864,35.5275115349504,20.301435162828803,15.2260763721216
FE7,Fiora,Eliwood/Hector's Tale,Pegasus Knight,F,0,Falcoknight,N/A,7.0,21.0,8.0,11.0,13.0,6.0,6.0,7.0,5.0,7.0,70.0,35.0,60.0,50.0,30.0,20.0,50.0,5.0,2.0,0.0,0.0,2.0,2.0,1.0,1.0,,,,,,,,,65.0,35.0,40.0,40.0,12.0,35.0,35.0,20.0,20.0,20.0,20.0,20.0,20.0,60.0,30.0,15.0,60.0,30.0,30.0,30.0,12.0,30.0,30.0,23.0,25.0,28.0,23.0,26.0,25.0,60.0,30.0,15.0,,,,,,,,,,,,,,,,,70.77274724799999,35.386373623999994,60.662354783999994,50.55196232,30.331177391999997,20.220784928,50.55196232
FE7,Legault,Eliwood/Hector's Tale,Thief,M,5,Assassin,N/A,12.0,26.0,8.0,11.0,15.0,10.0,8.0,3.0,9.0,6.0,60.0,25.0,45.0,60.0,60.0,25.0,25.0,3.0,1.0,0.0,0.0,2.0,2.0,0.0,0.0,,,,,,,,,50.0,5.0,45.0,40.0,5.0,20.0,40.0,20.0,20.0,20.0,20.0,20.0,20.0,60.0,30.0,15.0,50.0,5.0,45.0,40.0,5.0,20.0,40.0,20.0,30.0,30.0,20.0,20.0,20.0,60.0,30.0,15.0,,,,,,,,,,,,,,,,,60.904231349999996,25.3767630625,45.678173512499995,60.904231349999996,60.904231349999996,25.3767630625,25.3767630625
FE7,Ninian,Eliwood/Hector's Tale,Dancer,F,0,N/A,N/A,1.0,14.0,0.0,0.0,12.0,10.0,5.0,4.0,4.0,5.0,85.0,5.0,5.0,70.0,80.0,30.0,70.0,,,,,,,,,,,,,,,,,45.0,45.0,30.0,60.0,0.0,13.0,70.0,10.0,10.0,30.0,24.0,26.0,20.0,60.0,30.0,15.0,,,,,,,,,,,,,,,,,,,,,,,,,,,,,,,,,85.14523393231093,5.008543172488878,5.008543172488878,70.11960441484429,80.13669075982205,30.05125903493327,70.11960441484429
FE7,Isadora,Eliwood/Hector's Tale,Paladin,F,0,N/A,N/A,1.0,28.0,13.0,12.0,16.0,10.0,8.0,6.0,6.0,8.0,75.0,30.0,35.0,50.0,45.0,20.0,25.0,,,,,,,,,,,,,,,,,70.0,25.0,35.0,25.0,12.0,25.0,25.0,23.0,27.0,25.0,24.0,26.0,25.0,60.0,30.0,15.0,,,,,,,,,,,,,,,,,,,,,,,,,,,,,,,,,76.43407619824218,30.573630479296877,35.66923555917968,50.95605079882812,45.860445718945314,20.38242031953125,25.47802539941406
FE7,Heath,Eliwood/Hector's Tale,Wyvern Rider,M,5,Wyvern Lord,N/A,7.0,28.0,11.0,8.0,7.0,7.0,10.0,1.0,9.0,7.0,80.0,50.0,50.0,45.0,20.0,30.0,20.0,4.0,0.0,2.0,2.0,0.0,2.0,1.0,1.0,,,,,,,,,80.0,45.0,35.0,30.0,25.0,15.0,25.0,20.0,20.0,20.0,20.0,20.0,20.0,60.0,30.0,15.0,75.0,40.0,30.0,20.0,20.0,17.0,20.0,27.0,25.0,23.0,28.0,22.0,25.0,60.0,30.0,15.0,,,,,,,,,,,,,,,,,80.997742592,50.62358912,50.62358912,45.561230208000005,20.249435648,30.374153472,20.249435648
FE7,Rath,Eliwood/Hector's Tale,Nomad,M,0,Nomadic Trooper,N/A,9.0,27.0,9.0,10.0,11.0,5.0,8.0,2.0,7.0,7.0,80.0,50.0,40.0,50.0,30.0,10.0,25.0,3.0,2.0,1.0,1.0,3.0,3.0,1.0,1.0,,,,,,,,,65.0,30.0,40.0,45.0,12.0,15.0,30.0,20.0,20.0,20.0,20.0,20.0,20.0,60.0,30.0,15.0,60.0,25.0,30.0,35.0,15.0,15.0,25.0,25.0,28.0,30.0,24.0,23.0,20.0,60.0,30.0,15.0,,,,,,,,,,,,,,,,,81.15007445,50.71879653125,40.575037225,50.71879653125,30.43127791875,10.14375930625,25.359398265625
FE7,Hawkeye,Eliwood/Hector's Tale,Berserker,M,0,N/A,N/A,4.0,50.0,18.0,14.0,11.0,13.0,14.0,10.0,16.0,6.0,50.0,40.0,30.0,25.0,40.0,20.0,35.0,,,,,,,,,,,,,,,,,75.0,50.0,35.0,25.0,10.0,13.0,15.0,30.0,29.0,28.0,23.0,21.0,20.0,60.0,30.0,15.0,,,,,,,,,,,,,,,,,,,,,,,,,,,,,,,,,52.57773698,42.062189584,31.546642187999996,26.28886849,42.062189584,21.031094792,36.804415885999994
FE7,Geitz,Eliwood/Hector's Tale,Warrior,M,5,N/A,N/A,3.0,40.0,17.0,12.0,13.0,10.0,11.0,3.0,13.0,6.0,85.0,50.0,30.0,40.0,40.0,20.0,20.0,,,,,,,,,,,,,,,,,80.0,45.0,25.0,20.0,16.0,17.0,15.0,30.0,28.0,26.0,26.0,22.0,20.0,60.0,30.0,15.0,,,,,,,,,,,,,,,,,,,,,,,,,,,,,,,,,86.04059662336,50.61211566080001,30.367269396479994,40.489692528640006,40.489692528640006,20.244846264320003,20.244846264320003
FE7,Farina,Eliwood/Hector's Tale,Pegasus Knight,F,0,Falcoknight,N/A,12.0,24.0,10.0,13.0,14.0,10.0,10.0,12.0,5.0,7.0,75.0,50.0,40.0,45.0,45.0,25.0,30.0,5.0,2.0,0.0,0.0,2.0,2.0,1.0,1.0,,,,,,,,,65.0,35.0,40.0,40.0,12.0,35.0,35.0,20.0,20.0,20.0,20.0,20.0,20.0,60.0,30.0,15.0,60.0,30.0,30.0,30.0,12.0,30.0,30.0,23.0,25.0,28.0,23.0,26.0,25.0,60.0,30.0,15.0,,,,,,,,,,,,,,,,,75.90396059490968,50.602640396606446,40.48211231728516,45.5423763569458,45.5423763569458,25.301320198303223,30.361584237963868
FE7,Pent,Eliwood/Hector's Tale,Sage,M,0,N/A,N/A,6.0,33.0,18.0,21.0,17.0,14.0,11.0,16.0,8.0,6.0,50.0,30.0,20.0,40.0,40.0,30.0,35.0,,,,,,,,,,,,,,,,,45.0,45.0,30.0,25.0,10.0,40.0,15.0,28.0,30.0,26.0,21.0,25.0,20.0,60.0,30.0,15.0,,,,,,,,,,,,,,,,,,,,,,,,,,,,,,,,,52.39837532479999,31.439025194879992,20.95935012992,41.91870025984,41.91870025984,31.439025194879992,36.67886272736
FE7,Louise,Eliwood/Hector's Tale,Sniper,F,0,N/A,N/A,4.0,28.0,12.0,14.0,17.0,16.0,9.0,12.0,6.0,6.0,60.0,40.0,40.0,40.0,30.0,20.0,30.0,,,,,,,,,,,,,,,,,65.0,30.0,30.0,20.0,15.0,25.0,30.0,24.0,30.0,29.0,24.0,24.0,20.0,60.0,30.0,15.0,,,,,,,,,,,,,,,,,,,,,,,,,,,,,,,,,62.100953736806396,41.4006358245376,41.4006358245376,41.4006358245376,31.050476868403198,20.7003179122688,31.050476868403198
FE7,Karel,Eliwood/Hector's Tale,Swordmaster,M,0,N/A,N/A,8.0,31.0,16.0,23.0,20.0,15.0,13.0,12.0,9.0,6.0,70.0,30.0,50.0,50.0,30.0,10.0,15.0,,,,,,,,,,,,,,,,,65.0,25.0,30.0,30.0,15.0,22.0,25.0,24.0,29.0,30.0,22.0,23.0,25.0,60.0,30.0,15.0,,,,,,,,,,,,,,,,,,,,,,,,,,,,,,,,,72.02328930573437,30.867123988171873,51.445206646953125,51.445206646953125,30.867123988171873,10.289041329390626,15.433561994085936
FE7,Harken,Eliwood/Hector's Tale,Hero,M,5,N/A,N/A,8.0,38.0,21.0,20.0,17.0,12.0,15.0,10.0,11.0,6.0,80.0,35.0,30.0,40.0,20.0,30.0,25.0,,,,,,,,,,,,,,,,,75.0,30.0,30.0,20.0,20.0,20.0,25.0,25.0,30.0,26.0,25.0,22.0,20.0,60.0,30.0,15.0,,,,,,,,,,,,,,,,,,,,,,,,,,,,,,,,,81.87663012992,35.82102568184,30.703736298719996,40.93831506496,20.46915753248,30.703736298719996,25.586446915599996
FE7,Nino,Eliwood/Hector's Tale,Mage,F,0,Sage,N/A,5.0,19.0,7.0,8.0,11.0,10.0,4.0,7.0,3.0,5.0,55.0,50.0,55.0,60.0,45.0,15.0,50.0,3.0,1.0,1.0,0.0,3.0,3.0,1.0,1.0,,,,,,,,,55.0,55.0,40.0,35.0,5.0,40.0,20.0,20.0,20.0,20.0,20.0,20.0,20.0,60.0,30.0,15.0,45.0,45.0,30.0,25.0,10.0,40.0,15.0,30.0,28.0,26.0,21.0,25.0,20.0,60.0,30.0,15.0,,,,,,,,,,,,,,,,,55.525607319724614,50.477824836113285,55.525607319724614,60.57338980333594,45.43004235250196,15.143347450833986,50.477824836113285
FE7,Jaffar,Eliwood/Hector's Tale,Assassin,M,0,N/A,N/A,13.0,34.0,19.0,25.0,24.0,10.0,15.0,11.0,8.0,6.0,65.0,15.0,40.0,35.0,20.0,30.0,30.0,,,,,,,,,,,,,,,,,50.0,5.0,45.0,40.0,5.0,20.0,40.0,20.0,30.0,30.0,20.0,20.0,20.0,60.0,30.0,15.0,,,,,,,,,,,,,,,,,,,,,,,,,,,,,,,,,68.0907756185306,15.713255911968599,41.9020157652496,36.664263794593396,20.9510078826248,31.426511823937197,31.426511823937197
FE7,Vaida,Eliwood/Hector's Tale,Wyvern Lord,F,5,N/A,N/A,9.0,43.0,20.0,19.0,13.0,11.0,21.0,6.0,12.0,8.0,60.0,45.0,25.0,40.0,30.0,25.0,15.0,,,,,,,,,,,,,,,,,75.0,40.0,30.0,20.0,20.0,17.0,20.0,25.0,26.0,24.0,27.0,23.0,25.0,60.0,30.0,15.0,,,,,,,,,,,,,,,,,,,,,,,,,,,,,,,,,62.767830717093744,47.075873037820315,26.15326279878906,41.8452204780625,31.383915358546872,26.15326279878906,15.691957679273436
FE7,Nils,Eliwood/Hector's Tale,Bard,M,0,N/A,N/A,1.0,14.0,0.0,0.0,12.0,10.0,5.0,4.0,3.0,5.0,85.0,5.0,5.0,70.0,80.0,30.0,70.0,,,,,,,,,,,,,,,,,45.0,45.0,30.0,60.0,0.0,13.0,70.0,10.0,10.0,30.0,24.0,26.0,20.0,60.0,30.0,15.0,,,,,,,,,,,,,,,,,,,,,,,,,,,,,,,,,85.14523393231093,5.008543172488878,5.008543172488878,70.11960441484429,80.13669075982205,30.05125903493327,70.11960441484429
FE7,Karla,Eliwood/Hector's Tale,Swordmaster,F,0,N/A,N/A,5.0,29.0,14.0,21.0,18.0,16.0,11.0,12.0,7.0,6.0,60.0,25.0,45.0,55.0,40.0,10.0,20.0,,,,,,,,,,,,,,,,,65.0,25.0,30.0,30.0,15.0,22.0,25.0,22.0,29.0,30.0,22.0,25.0,25.0,60.0,30.0,15.0,,,,,,,,,,,,,,,,,,,,,,,,,,,,,,,,,61.98629218656,25.8276217444,46.48971913992,56.82076783768001,41.32419479104,10.33104869776,20.66209739552
FE7,Renault,Eliwood/Hector's Tale,Bishop,M,0,N/A,N/A,16.0,43.0,12.0,22.0,20.0,10.0,15.0,18.0,9.0,6.0,60.0,40.0,30.0,35.0,15.0,20.0,40.0,,,,,,,,,,,,,,,,,45.0,35.0,25.0,22.0,8.0,40.0,40.0,25.0,26.0,24.0,22.0,30.0,25.0,60.0,30.0,15.0,,,,,,,,,,,,,,,,,,,,,,,,,,,,,,,,,62.7923173963776,41.861544930918406,31.3961586981888,36.6288518145536,15.6980793490944,20.930772465459203,41.861544930918406
FE7,Athos,Eliwood/Hector's Tale,Archsage,M,0,N/A,N/A,20.0,40.0,30.0,24.0,20.0,25.0,20.0,28.0,9.0,6.0,0.0,0.0,0.0,0.0,0.0,0.0,0.0,,,,,,,,,,,,,,,,,45.0,45.0,30.0,25.0,10.0,35.0,15.0,30.0,30.0,25.0,20.0,30.0,20.0,60.0,30.0,15.0,,,,,,,,,,,,,,,,,,,,,,,,,,,,,,,,,0.0,0.0,0.0,0.0,0.0,0.0,0.0
FE8,Eirika,All,Lord (Eirika),F,0,Great Lord (Eirika),N/A,1.0,16.0,4.0,8.0,9.0,5.0,3.0,1.0,5.0,5.0,70.0,40.0,60.0,60.0,60.0,30.0,30.0,4.0,2.0,2.0,1.0,3.0,5.0,2.0,2.0,,,,,,,,,90.0,45.0,40.0,45.0,15.0,20.0,40.0,20.0,20.0,20.0,20.0,20.0,20.0,60.0,30.0,15.0,,,,,,,,24.0,29.0,30.0,22.0,25.0,25.0,60.0,30.0,15.0,,,,,,,,,,,,,,,,,70.39736646369279,40.227066550681606,60.3405998260224,60.3405998260224,60.3405998260224,30.1702999130112,30.1702999130112
FE8,Seth,All,Paladin,M,0,N/A,N/A,1.0,30.0,14.0,13.0,12.0,13.0,11.0,8.0,11.0,8.0,90.0,50.0,45.0,45.0,25.0,40.0,30.0,,,,,,,,,,,,,,,,,70.0,25.0,30.0,18.0,12.0,20.0,25.0,25.0,26.0,24.0,25.0,25.0,25.0,60.0,30.0,15.0,,,,,,,,,,,,,,,,,,,,,,,,,,,,,,,,,90.43083668422265,50.23935371345702,45.21541834211133,45.21541834211133,25.11967685672851,40.19148297076563,30.14361222807422
FE8,Franz,All,Cavalier,M,0,Paladin,N/A,1.0,20.0,7.0,5.0,7.0,2.0,6.0,1.0,9.0,7.0,80.0,40.0,40.0,50.0,40.0,25.0,20.0,2.0,1.0,1.0,1.0,2.0,1.0,2.0,1.0,,,,,,,,,75.0,35.0,40.0,28.0,15.0,15.0,30.0,20.0,20.0,20.0,20.0,20.0,25.0,60.0,30.0,15.0,70.0,25.0,30.0,18.0,12.0,20.0,25.0,25.0,26.0,24.0,25.0,25.0,25.0,60.0,30.0,15.0,,,,,,,,,,,,,,,,,81.050236928,40.525118464,40.525118464,50.65639808000001,40.525118464,25.328199040000005,20.262559232
FE8,Franz,All,Cavalier,M,0,Great Knight,N/A,1.0,20.0,7.0,5.0,7.0,2.0,6.0,1.0,9.0,7.0,80.0,40.0,40.0,50.0,40.0,25.0,20.0,3.0,2.0,1.0,2.0,2.0,1.0,4.0,-1.0,,,,,,,,,75.0,35.0,40.0,28.0,15.0,15.0,30.0,20.0,20.0,20.0,20.0,20.0,25.0,60.0,30.0,15.0,70.0,30.0,20.0,15.0,21.0,20.0,20.0,28.0,24.0,24.0,29.0,25.0,25.0,60.0,30.0,15.0,,,,,,,,,,,,,,,,,81.050236928,40.525118464,40.525118464,50.65639808000001,40.525118464,25.328199040000005,20.262559232
FE8,Gilliam,All,Knight,M,0,General,N/A,4.0,25.0,9.0,6.0,3.0,3.0,9.0,3.0,14.0,4.0,90.0,45.0,35.0,30.0,30.0,55.0,20.0,4.0,2.0,2.0,3.0,2.0,3.0,2.0,1.0,,,,,,,,,80.0,40.0,30.0,15.0,28.0,20.0,25.0,20.0,20.0,20.0,20.0,20.0,20.0,60.0,30.0,15.0,75.0,30.0,20.0,10.0,23.0,25.0,20.0,29.0,27.0,24.0,30.0,25.0,25.0,60.0,30.0,15.0,,,,,,,,,,,,,,,,,90.5711462477721,45.28557312388605,35.22211242968915,30.1903820825907,30.1903820825907,55.34903381808295,20.1269213883938
FE8,Gilliam,All,Knight,M,0,Great Knight,N/A,4.0,25.0,9.0,6.0,3.0,3.0,9.0,3.0,14.0,4.0,90.0,45.0,35.0,30.0,30.0,55.0,20.0,3.0,2.0,1.0,2.0,2.0,1.0,0.0,2.0,,,,,,,,,80.0,40.0,30.0,15.0,28.0,20.0,25.0,20.0,20.0,20.0,20.0,20.0,20.0,60.0,30.0,15.0,70.0,30.0,20.0,15.0,21.0,20.0,20.0,28.0,24.0,24.0,29.0,25.0,25.0,60.0,30.0,15.0,,,,,,,,,,,,,,,,,90.5711462477721,45.28557312388605,35.22211242968915,30.1903820825907,30.1903820825907,55.34903381808295,20.1269213883938
FE8,Vanessa,All,Pegasus Knight,F,0,Falcoknight,N/A,1.0,17.0,5.0,7.0,11.0,4.0,6.0,5.0,5.0,7.0,50.0,35.0,55.0,60.0,50.0,20.0,30.0,5.0,2.0,0.0,2.0,2.0,2.0,1.0,1.0,,,,,,,,,65.0,35.0,40.0,40.0,12.0,35.0,35.0,20.0,20.0,20.0,20.0,20.0,25.0,60.0,30.0,15.0,60.0,30.0,30.0,30.0,12.0,30.0,30.0,23.0,25.0,28.0,23.0,26.0,25.0,60.0,30.0,15.0,,,,,,,,,,,,,,,,,50.83241522,35.582690654,55.91565674200001,60.99889826399999,50.83241522,20.332966088000003,30.499449131999995
FE8,Vanessa,All,Pegasus Knight,F,0,Wyvern Knight,N/A,1.0,17.0,5.0,7.0,11.0,4.0,6.0,5.0,5.0,7.0,50.0,35.0,55.0,60.0,50.0,20.0,30.0,3.0,2.0,1.0,2.0,1.0,1.0,4.0,1.0,,,,,,,,,65.0,35.0,40.0,40.0,12.0,35.0,35.0,20.0,20.0,20.0,20.0,20.0,25.0,60.0,30.0,15.0,65.0,35.0,30.0,30.0,15.0,20.0,25.0,24.0,27.0,29.0,23.0,23.0,25.0,60.0,30.0,15.0,,,,,,,,,,,,,,,,,50.83241522,35.582690654,55.91565674200001,60.99889826399999,50.83241522,20.332966088000003,30.499449131999995
FE8,Moulder,All,Priest,M,0,Bishop,N/A,3.0,20.0,4.0,6.0,9.0,1.0,2.0,5.0,9.0,5.0,70.0,40.0,50.0,40.0,20.0,25.0,25.0,3.0,2.0,1.0,0.0,3.0,2.0,2.0,1.0,,,,,,,,,50.0,30.0,35.0,32.0,8.0,50.0,45.0,20.0,20.0,20.0,20.0,20.0,20.0,60.0,30.0,15.0,45.0,35.0,25.0,22.0,8.0,40.0,40.0,25.0,26.0,24.0,22.0,30.0,20.0,60.0,30.0,15.0,,,,,,,,,,,,,,,,,71.74233429999998,40.995619600000005,51.2445245,40.995619600000005,20.497809800000002,25.62226225,25.62226225
FE8,Moulder,All,Priest,M,0,Sage,N/A,3.0,20.0,4.0,6.0,9.0,1.0,2.0,5.0,9.0,5.0,70.0,40.0,50.0,40.0,20.0,25.0,25.0,4.0,1.0,0.0,0.0,3.0,3.0,2.0,1.0,,,,,,,,,50.0,30.0,35.0,32.0,8.0,50.0,45.0,20.0,20.0,20.0,20.0,20.0,20.0,60.0,30.0,15.0,45.0,45.0,30.0,25.0,10.0,40.0,15.0,28.0,30.0,26.0,21.0,25.0,20.0,60.0,30.0,15.0,,,,,,,,,,,,,,,,,71.74233429999998,40.995619600000005,51.2445245,40.995619600000005,20.497809800000002,25.62226225,25.62226225
FE8,Ross,All,Journeyman,M,0,Fighter,Warrior,1.0,15.0,5.0,2.0,3.0,8.0,3.0,0.0,8.0,4.0,70.0,50.0,35.0,30.0,40.0,25.0,20.0,2.0,2.0,1.0,0.0,0.0,1.0,3.0,1.0,3.0,1.0,2.0,0.0,3.0,3.0,2.0,1.0,85.0,55.0,40.0,32.0,18.0,20.0,40.0,20.0,20.0,20.0,20.0,20.0,20.0,60.0,30.0,15.0,85.0,55.0,35.0,30.0,15.0,15.0,15.0,20.0,20.0,20.0,20.0,20.0,20.0,60.0,30.0,15.0,80.0,45.0,25.0,20.0,16.0,17.0,15.0,30.0,28.0,26.0,26.0,22.0,25.0,60.0,30.0,15.0,71.76215794299999,51.258684245,35.881078971499996,30.755210547,41.006947396,25.6293421225,20.503473698
FE8,Ross,All,Journeyman,M,0,Fighter,Hero,1.0,15.0,5.0,2.0,3.0,8.0,3.0,0.0,8.0,4.0,70.0,50.0,35.0,30.0,40.0,25.0,20.0,2.0,2.0,1.0,0.0,0.0,1.0,3.0,1.0,4.0,1.0,2.0,2.0,2.0,2.0,0.0,1.0,85.0,55.0,40.0,32.0,18.0,20.0,40.0,20.0,20.0,20.0,20.0,20.0,20.0,60.0,30.0,15.0,85.0,55.0,35.0,30.0,15.0,15.0,15.0,20.0,20.0,20.0,20.0,20.0,20.0,60.0,30.0,15.0,75.0,30.0,30.0,20.0,20.0,20.0,25.0,25.0,30.0,26.0,25.0,22.0,25.0,60.0,30.0,15.0,71.76215794299999,51.258684245,35.881078971499996,30.755210547,41.006947396,25.6293421225,20.503473698
FE8,Ross,All,Journeyman,M,0,Pirate,Berserker,1.0,15.0,5.0,2.0,3.0,8.0,3.0,0.0,8.0,4.0,70.0,50.0,35.0,30.0,40.0,25.0,20.0,2.0,2.0,0.0,1.0,1.0,0.0,2.0,1.0,4.0,1.0,1.0,1.0,2.0,2.0,3.0,1.0,85.0,55.0,40.0,32.0,18.0,20.0,40.0,20.0,20.0,20.0,20.0,20.0,20.0,60.0,30.0,15.0,75.0,50.0,35.0,25.0,10.0,13.0,15.0,20.0,20.0,20.0,20.0,20.0,20.0,60.0,30.0,15.0,75.0,50.0,35.0,25.0,10.0,13.0,15.0,30.0,29.0,28.0,23.0,21.0,25.0,60.0,30.0,15.0,71.76215794299999,51.258684245,35.881078971499996,30.755210547,41.006947396,25.6293421225,20.503473698
FE8,Ross,All,Journeyman,M,0,Pirate,Warrior,1.0,15.0,5.0,2.0,3.0,8.0,3.0,0.0,8.0,4.0,70.0,50.0,35.0,30.0,40.0,25.0,20.0,2.0,2.0,0.0,1.0,1.0,0.0,2.0,1.0,3.0,1.0,2.0,0.0,3.0,3.0,3.0,1.0,85.0,55.0,40.0,32.0,18.0,20.0,40.0,20.0,20.0,20.0,20.0,20.0,20.0,60.0,30.0,15.0,75.0,50.0,35.0,25.0,10.0,13.0,15.0,20.0,20.0,20.0,20.0,20.0,20.0,60.0,30.0,15.0,80.0,45.0,25.0,20.0,16.0,17.0,15.0,30.0,28.0,26.0,26.0,22.0,25.0,60.0,30.0,15.0,71.76215794299999,51.258684245,35.881078971499996,30.755210547,41.006947396,25.6293421225,20.503473698
FE8,Ross,All,Journeyman,M,0,Journeyman (2),Hero,1.0,15.0,5.0,2.0,3.0,8.0,3.0,0.0,8.0,4.0,70.0,50.0,35.0,30.0,40.0,25.0,20.0,2.0,0.0,2.0,0.0,2.0,2.0,0.0,1.0,4.0,1.0,2.0,2.0,2.0,2.0,3.0,1.0,85.0,55.0,40.0,32.0,18.0,20.0,40.0,20.0,20.0,20.0,20.0,20.0,20.0,60.0,30.0,15.0,85.0,55.0,40.0,32.0,18.0,20.0,40.0,20.0,20.0,20.0,20.0,20.0,20.0,60.0,30.0,15.0,75.0,30.0,30.0,20.0,20.0,20.0,25.0,25.0,30.0,26.0,25.0,22.0,25.0,60.0,30.0,15.0,71.76215794299999,51.258684245,35.881078971499996,30.755210547,41.006947396,25.6293421225,20.503473698
FE8,Ross,All,Journeyman,M,0,Journeyman (2),Journeyman (3),1.0,15.0,5.0,2.0,3.0,8.0,3.0,0.0,8.0,4.0,70.0,50.0,35.0,30.0,40.0,25.0,20.0,2.0,0.0,2.0,0.0,2.0,2.0,0.0,1.0,4.0,1.0,2.0,2.0,2.0,2.0,0.0,1.0,85.0,55.0,40.0,32.0,18.0,20.0,40.0,20.0,20.0,20.0,20.0,20.0,20.0,60.0,30.0,15.0,85.0,55.0,40.0,32.0,18.0,20.0,40.0,20.0,20.0,20.0,20.0,20.0,20.0,60.0,30.0,15.0,85.0,55.0,40.0,32.0,18.0,20.0,40.0,26.0,29.0,28.0,23.0,23.0,20.0,60.0,30.0,15.0,71.76215794299999,51.258684245,35.881078971499996,30.755210547,41.006947396,25.6293421225,20.503473698
FE8,Garcia,All,Fighter,M,0,Warrior,N/A,4.0,28.0,8.0,7.0,7.0,3.0,5.0,1.0,14.0,5.0,80.0,65.0,40.0,20.0,40.0,25.0,15.0,3.0,1.0,2.0,0.0,3.0,3.0,2.0,1.0,,,,,,,,,85.0,55.0,35.0,30.0,15.0,15.0,15.0,20.0,20.0,20.0,20.0,20.0,20.0,60.0,30.0,15.0,80.0,45.0,25.0,20.0,16.0,17.0,15.0,30.0,28.0,26.0,26.0,22.0,25.0,60.0,30.0,15.0,,,,,,,,,,,,,,,,,81.04137391232,65.84611630376,40.52068695616,20.26034347808,40.52068695616,25.325429347600004,15.19525760856
FE8,Garcia,All,Fighter,M,0,Hero,N/A,4.0,28.0,8.0,7.0,7.0,3.0,5.0,1.0,14.0,5.0,80.0,65.0,40.0,20.0,40.0,25.0,15.0,4.0,1.0,2.0,2.0,2.0,2.0,0.0,1.0,,,,,,,,,85.0,55.0,35.0,30.0,15.0,15.0,15.0,20.0,20.0,20.0,20.0,20.0,20.0,60.0,30.0,15.0,75.0,30.0,30.0,20.0,20.0,20.0,25.0,25.0,30.0,26.0,25.0,22.0,25.0,60.0,30.0,15.0,,,,,,,,,,,,,,,,,81.04137391232,65.84611630376,40.52068695616,20.26034347808,40.52068695616,25.325429347600004,15.19525760856
FE8,Neimi,All,Archer,F,0,Sniper,N/A,1.0,17.0,4.0,5.0,6.0,4.0,3.0,2.0,5.0,5.0,55.0,45.0,50.0,60.0,50.0,15.0,35.0,4.0,3.0,1.0,1.0,2.0,2.0,1.0,1.0,,,,,,,,,70.0,35.0,40.0,32.0,15.0,20.0,35.0,20.0,20.0,20.0,20.0,20.0,20.0,60.0,30.0,15.0,65.0,30.0,30.0,20.0,15.0,25.0,30.0,24.0,30.0,29.0,24.0,24.0,20.0,60.0,30.0,15.0,,,,,,,,,,,,,,,,,55.76237499424024,45.62376135892383,50.693068176582024,60.83168181189843,50.693068176582024,15.207920452974607,35.48514772360742
FE8,Neimi,All,Archer,F,0,Ranger,N/A,1.0,17.0,4.0,5.0,6.0,4.0,3.0,2.0,5.0,5.0,55.0,45.0,50.0,60.0,50.0,15.0,35.0,2.0,2.0,2.0,1.0,3.0,3.0,3.0,2.0,,,,,,,,,70.0,35.0,40.0,32.0,15.0,20.0,35.0,20.0,20.0,20.0,20.0,20.0,20.0,60.0,30.0,15.0,60.0,25.0,30.0,35.0,15.0,20.0,25.0,23.0,28.0,30.0,22.0,25.0,25.0,60.0,30.0,15.0,,,,,,,,,,,,,,,,,55.76237499424024,45.62376135892383,50.693068176582024,60.83168181189843,50.693068176582024,15.207920452974607,35.48514772360742
FE8,Colm,All,Thief,M,0,Assassin,N/A,2.0,18.0,4.0,4.0,10.0,8.0,3.0,1.0,6.0,6.0,75.0,40.0,40.0,65.0,45.0,25.0,20.0,3.0,1.0,0.0,0.0,2.0,2.0,2.0,0.0,,,,,,,,,50.0,5.0,45.0,40.0,5.0,20.0,40.0,20.0,20.0,20.0,20.0,20.0,20.0,60.0,30.0,15.0,50.0,5.0,45.0,40.0,5.0,20.0,40.0,20.0,30.0,30.0,20.0,20.0,20.0,60.0,30.0,15.0,,,,,,,,,,,,,,,,,75.787729201875,40.420122241,40.420122241,65.68269864162501,45.472637521124994,25.262576400624997,20.2100611205
FE8,Colm,All,Thief,M,0,Rogue,N/A,2.0,18.0,4.0,4.0,10.0,8.0,3.0,1.0,6.0,6.0,75.0,40.0,40.0,65.0,45.0,25.0,20.0,2.0,1.0,1.0,0.0,2.0,2.0,1.0,0.0,,,,,,,,,50.0,5.0,45.0,40.0,5.0,20.0,40.0,20.0,20.0,20.0,20.0,20.0,20.0,60.0,30.0,15.0,50.0,10.0,45.0,35.0,5.0,20.0,40.0,20.0,30.0,30.0,20.0,20.0,20.0,60.0,30.0,15.0,,,,,,,,,,,,,,,,,75.787729201875,40.420122241,40.420122241,65.68269864162501,45.472637521124994,25.262576400624997,20.2100611205
FE8,Artur,All,Monk,M,0,Bishop,N/A,2.0,19.0,6.0,6.0,8.0,2.0,2.0,6.0,6.0,5.0,55.0,50.0,50.0,40.0,25.0,15.0,55.0,3.0,2.0,1.0,0.0,3.0,2.0,1.0,1.0,,,,,,,,,50.0,30.0,35.0,32.0,8.0,40.0,45.0,20.0,20.0,20.0,20.0,20.0,20.0,60.0,30.0,15.0,45.0,35.0,25.0,22.0,8.0,40.0,40.0,25.0,26.0,24.0,22.0,30.0,20.0,60.0,30.0,15.0,,,,,,,,,,,,,,,,,56.08564661790773,50.98695147082519,50.98695147082519,40.78956117666016,25.493475735412595,15.296085441247559,56.08564661790773
FE8,Artur,All,Monk,M,0,Sage,N/A,2.0,19.0,6.0,6.0,8.0,2.0,2.0,6.0,6.0,5.0,55.0,50.0,50.0,40.0,25.0,15.0,55.0,4.0,1.0,0.0,0.0,3.0,3.0,1.0,1.0,,,,,,,,,50.0,30.0,35.0,32.0,8.0,40.0,45.0,20.0,20.0,20.0,20.0,20.0,20.0,60.0,30.0,15.0,45.0,45.0,30.0,25.0,10.0,40.0,15.0,28.0,30.0,26.0,21.0,25.0,20.0,60.0,30.0,15.0,,,,,,,,,,,,,,,,,56.08564661790773,50.98695147082519,50.98695147082519,40.78956117666016,25.493475735412595,15.296085441247559,56.08564661790773
FE8,Lute,All,Mage,F,0,Sage,N/A,1.0,17.0,6.0,6.0,7.0,8.0,3.0,5.0,3.0,5.0,45.0,65.0,30.0,45.0,45.0,15.0,40.0,3.0,1.0,1.0,0.0,3.0,3.0,1.0,1.0,,,,,,,,,55.0,55.0,40.0,35.0,5.0,40.0,20.0,20.0,20.0,20.0,20.0,20.0,20.0,60.0,30.0,15.0,45.0,45.0,30.0,25.0,10.0,40.0,15.0,30.0,28.0,26.0,21.0,25.0,20.0,60.0,30.0,15.0,,,,,,,,,,,,,,,,,45.95493241444317,66.37934682086237,30.636621609628783,45.95493241444317,45.95493241444317,15.318310804814391,40.84882881283838
FE8,Lute,All,Mage,F,0,Mage Knight,N/A,1.0,17.0,6.0,6.0,7.0,8.0,3.0,5.0,3.0,5.0,45.0,65.0,30.0,45.0,45.0,15.0,40.0,3.0,2.0,1.0,0.0,2.0,2.0,3.0,2.0,,,,,,,,,55.0,55.0,40.0,35.0,5.0,40.0,20.0,20.0,20.0,20.0,20.0,20.0,20.0,60.0,30.0,15.0,45.0,40.0,30.0,40.0,10.0,40.0,40.0,25.0,24.0,25.0,24.0,28.0,25.0,60.0,30.0,15.0,,,,,,,,,,,,,,,,,45.95493241444317,66.37934682086237,30.636621609628783,45.95493241444317,45.95493241444317,15.318310804814391,40.84882881283838
FE8,Natasha,All,Cleric,F,0,Bishop,N/A,1.0,18.0,2.0,4.0,8.0,6.0,2.0,6.0,4.0,5.0,50.0,60.0,25.0,40.0,60.0,15.0,55.0,3.0,1.0,2.0,1.0,2.0,2.0,1.0,1.0,,,,,,,,,50.0,30.0,35.0,32.0,8.0,50.0,45.0,20.0,20.0,20.0,20.0,20.0,20.0,60.0,30.0,15.0,45.0,35.0,25.0,22.0,8.0,50.0,40.0,25.0,25.0,26.0,21.0,30.0,20.0,60.0,30.0,15.0,,,,,,,,,,,,,,,,,50.69798064500001,60.837576774,25.348990322500004,40.558384516000004,60.837576774,15.2093941935,55.76777870950001
FE8,Natasha,All,Cleric,F,0,Valkyrie,N/A,1.0,18.0,2.0,4.0,8.0,6.0,2.0,6.0,4.0,5.0,50.0,60.0,25.0,40.0,60.0,15.0,55.0,3.0,2.0,1.0,0.0,2.0,3.0,2.0,2.0,,,,,,,,,50.0,30.0,35.0,32.0,8.0,50.0,45.0,20.0,20.0,20.0,20.0,20.0,20.0,60.0,30.0,15.0,45.0,35.0,25.0,45.0,10.0,40.0,40.0,25.0,24.0,25.0,24.0,28.0,25.0,60.0,30.0,15.0,,,,,,,,,,,,,,,,,50.69798064500001,60.837576774,25.348990322500004,40.558384516000004,60.837576774,15.2093941935,55.76777870950001
FE8,Joshua,All,Myrmidon,M,0,Swordmaster,N/A,5.0,24.0,8.0,13.0,14.0,7.0,5.0,2.0,8.0,5.0,80.0,35.0,55.0,55.0,30.0,20.0,20.0,5.0,2.0,0.0,0.0,2.0,1.0,1.0,1.0,,,,,,,,,70.0,35.0,40.0,40.0,15.0,20.0,30.0,20.0,20.0,20.0,20.0,20.0,20.0,60.0,30.0,15.0,65.0,25.0,30.0,30.0,15.0,22.0,25.0,24.0,29.0,30.0,22.0,23.0,20.0,60.0,30.0,15.0,,,,,,,,,,,,,,,,,80.95461512007681,35.417644115033596,55.656297895052795,55.656297895052795,30.3579806700288,20.238653780019202,20.238653780019202
FE8,Joshua,All,Myrmidon,M,0,Assassin,N/A,5.0,24.0,8.0,13.0,14.0,7.0,5.0,2.0,8.0,5.0,80.0,35.0,55.0,55.0,30.0,20.0,20.0,3.0,1.0,0.0,0.0,2.0,2.0,0.0,1.0,,,,,,,,,70.0,35.0,40.0,40.0,15.0,20.0,30.0,20.0,20.0,20.0,20.0,20.0,20.0,60.0,30.0,15.0,50.0,5.0,45.0,40.0,5.0,20.0,40.0,20.0,30.0,30.0,20.0,20.0,20.0,60.0,30.0,15.0,,,,,,,,,,,,,,,,,80.95461512007681,35.417644115033596,55.656297895052795,55.656297895052795,30.3579806700288,20.238653780019202,20.238653780019202
FE8,Ephraim,All,Lord (Ephraim),M,0,Great Lord (Ephraim),N/A,4.0,23.0,8.0,9.0,11.0,8.0,7.0,2.0,8.0,5.0,80.0,55.0,55.0,45.0,50.0,35.0,25.0,4.0,2.0,3.0,2.0,2.0,5.0,2.0,2.0,,,,,,,,,90.0,45.0,40.0,45.0,15.0,15.0,40.0,20.0,20.0,20.0,20.0,20.0,20.0,60.0,30.0,15.0,,,,,,,,27.0,26.0,24.0,23.0,23.0,25.0,60.0,30.0,15.0,,,,,,,,,,,,,,,,,80.43672088476758,55.300245608277706,55.300245608277706,45.24565549768177,50.27295055297974,35.191065387085814,25.13647527648987
FE8,Forde,All,Cavalier,M,0,Paladin,N/A,6.0,24.0,7.0,8.0,8.0,7.0,8.0,2.0,9.0,7.0,85.0,40.0,50.0,45.0,35.0,20.0,25.0,2.0,1.0,1.0,1.0,2.0,1.0,2.0,1.0,,,,,,,,,75.0,35.0,40.0,28.0,15.0,15.0,30.0,20.0,20.0,20.0,20.0,20.0,25.0,60.0,30.0,15.0,70.0,25.0,30.0,18.0,12.0,20.0,25.0,25.0,26.0,24.0,25.0,25.0,25.0,60.0,30.0,15.0,,,,,,,,,,,,,,,,,85.82838201428125,40.38982683025,50.4872835378125,45.43855518403125,35.341098476468744,20.194913415125,25.24364176890625
FE8,Forde,All,Cavalier,M,0,Great Knight,N/A,6.0,24.0,7.0,8.0,8.0,7.0,8.0,2.0,9.0,7.0,85.0,40.0,50.0,45.0,35.0,20.0,25.0,3.0,2.0,1.0,2.0,2.0,1.0,4.0,-1.0,,,,,,,,,75.0,35.0,40.0,28.0,15.0,15.0,30.0,20.0,20.0,20.0,20.0,20.0,25.0,60.0,30.0,15.0,70.0,30.0,20.0,15.0,21.0,20.0,20.0,28.0,24.0,24.0,29.0,25.0,25.0,60.0,30.0,15.0,,,,,,,,,,,,,,,,,85.82838201428125,40.38982683025,50.4872835378125,45.43855518403125,35.341098476468744,20.194913415125,25.24364176890625
FE8,Kyle,All,Cavalier,M,0,Paladin,N/A,5.0,25.0,9.0,6.0,7.0,6.0,9.0,1.0,10.0,7.0,90.0,50.0,40.0,40.0,20.0,25.0,20.0,2.0,1.0,1.0,1.0,2.0,1.0,2.0,1.0,,,,,,,,,75.0,35.0,40.0,28.0,15.0,15.0,30.0,20.0,20.0,20.0,20.0,20.0,25.0,60.0,30.0,15.0,70.0,25.0,30.0,18.0,12.0,20.0,25.0,25.0,26.0,24.0,25.0,25.0,25.0,60.0,30.0,15.0,,,,,,,,,,,,,,,,,90.78431846400001,50.43573248,40.348585984,40.348585984,20.174292992,25.21786624,20.174292992
FE8,Kyle,All,Cavalier,M,0,Great Knight,N/A,5.0,25.0,9.0,6.0,7.0,6.0,9.0,1.0,10.0,7.0,90.0,50.0,40.0,40.0,20.0,25.0,20.0,3.0,2.0,1.0,2.0,2.0,1.0,4.0,-1.0,,,,,,,,,75.0,35.0,40.0,28.0,15.0,15.0,30.0,20.0,20.0,20.0,20.0,20.0,25.0,60.0,30.0,15.0,70.0,30.0,20.0,15.0,21.0,20.0,20.0,28.0,24.0,24.0,29.0,25.0,25.0,60.0,30.0,15.0,,,,,,,,,,,,,,,,,90.78431846400001,50.43573248,40.348585984,40.348585984,20.174292992,25.21786624,20.174292992
FE8,Orson,All,Paladin,M,0,N/A,N/A,3.0,34.0,15.0,13.0,11.0,4.0,13.0,7.0,12.0,8.0,80.0,55.0,45.0,40.0,25.0,45.0,30.0,,,,,,,,,,,,,,,,,70.0,25.0,30.0,18.0,12.0,20.0,25.0,25.0,26.0,24.0,25.0,25.0,25.0,60.0,30.0,15.0,,,,,,,,,,,,,,,,,,,,,,,,,,,,,,,,,80.69195365056126,55.47571813476087,45.38922392844071,40.34597682528063,25.21623551580039,45.38922392844071,30.259482618960465
FE8,Tana,All,Pegasus Knight,F,0,Falcoknight,N/A,4.0,20.0,7.0,9.0,13.0,8.0,6.0,7.0,5.0,7.0,65.0,45.0,40.0,65.0,60.0,20.0,25.0,5.0,2.0,0.0,2.0,2.0,2.0,1.0,1.0,,,,,,,,,65.0,35.0,40.0,40.0,12.0,35.0,35.0,20.0,20.0,20.0,20.0,20.0,25.0,60.0,30.0,15.0,60.0,30.0,30.0,30.0,12.0,30.0,30.0,23.0,25.0,28.0,23.0,26.0,25.0,60.0,30.0,15.0,,,,,,,,,,,,,,,,,65.63674837226,45.44082579618,40.39184515216,65.63674837226,60.587767728239996,20.19592257608,25.2449032201
FE8,Tana,All,Pegasus Knight,F,0,Wyvern Knight,N/A,4.0,20.0,7.0,9.0,13.0,8.0,6.0,7.0,5.0,7.0,65.0,45.0,40.0,65.0,60.0,20.0,25.0,3.0,2.0,1.0,2.0,1.0,1.0,4.0,1.0,,,,,,,,,65.0,35.0,40.0,40.0,12.0,35.0,35.0,20.0,20.0,20.0,20.0,20.0,25.0,60.0,30.0,15.0,65.0,35.0,30.0,30.0,15.0,20.0,25.0,24.0,27.0,29.0,23.0,23.0,25.0,60.0,30.0,15.0,,,,,,,,,,,,,,,,,65.63674837226,45.44082579618,40.39184515216,65.63674837226,60.587767728239996,20.19592257608,25.2449032201
FE8,Amelia,All,Recruit,F,0,Cavalier,Paladin,1.0,16.0,4.0,3.0,4.0,6.0,2.0,3.0,6.0,4.0,60.0,35.0,40.0,40.0,50.0,30.0,15.0,1.0,0.0,2.0,2.0,0.0,2.0,3.0,3.0,1.0,1.0,1.0,2.0,1.0,2.0,0.0,1.0,75.0,45.0,40.0,40.0,25.0,35.0,40.0,20.0,20.0,20.0,20.0,20.0,20.0,60.0,30.0,15.0,75.0,35.0,40.0,28.0,15.0,15.0,30.0,20.0,20.0,20.0,20.0,20.0,25.0,60.0,30.0,15.0,70.0,25.0,35.0,25.0,12.0,25.0,25.0,23.0,27.0,25.0,24.0,26.0,25.0,60.0,30.0,15.0,61.717283982960005,36.001748990059994,41.14485598864,41.14485598864,51.43106998580001,30.858641991480003,15.429320995740001
FE8,Amelia,All,Recruit,F,0,Cavalier,Great Knight,1.0,16.0,4.0,3.0,4.0,6.0,2.0,3.0,6.0,4.0,60.0,35.0,40.0,40.0,50.0,30.0,15.0,1.0,0.0,2.0,2.0,0.0,2.0,3.0,3.0,3.0,1.0,1.0,2.0,2.0,2.0,1.0,-1.0,75.0,45.0,40.0,40.0,25.0,35.0,40.0,20.0,20.0,20.0,20.0,20.0,20.0,60.0,30.0,15.0,75.0,35.0,40.0,28.0,15.0,15.0,30.0,20.0,20.0,20.0,20.0,20.0,25.0,60.0,30.0,15.0,70.0,30.0,25.0,20.0,21.0,22.0,20.0,26.0,26.0,25.0,28.0,26.0,25.0,60.0,30.0,15.0,61.717283982960005,36.001748990059994,41.14485598864,41.14485598864,51.43106998580001,30.858641991480003,15.429320995740001
FE8,Amelia,All,Recruit,F,0,Knight,General,1.0,16.0,4.0,3.0,4.0,6.0,2.0,3.0,6.0,4.0,60.0,35.0,40.0,40.0,50.0,30.0,15.0,2.0,1.0,1.0,1.0,2.0,0.0,4.0,0.0,3.0,2.0,3.0,2.0,3.0,3.0,1.0,1.0,75.0,45.0,40.0,40.0,25.0,35.0,40.0,20.0,20.0,20.0,20.0,20.0,20.0,60.0,30.0,15.0,80.0,40.0,30.0,15.0,28.0,20.0,25.0,20.0,20.0,20.0,20.0,20.0,20.0,60.0,30.0,15.0,75.0,30.0,25.0,10.0,23.0,25.0,20.0,27.0,28.0,25.0,29.0,26.0,25.0,60.0,30.0,15.0,61.717283982960005,36.001748990059994,41.14485598864,41.14485598864,51.43106998580001,30.858641991480003,15.429320995740001
FE8,Amelia,All,Recruit,F,0,Knight,Great Knight,1.0,16.0,4.0,3.0,4.0,6.0,2.0,3.0,6.0,4.0,60.0,35.0,40.0,40.0,50.0,30.0,15.0,2.0,1.0,1.0,1.0,2.0,0.0,4.0,0.0,3.0,1.0,1.0,2.0,2.0,2.0,0.0,2.0,75.0,45.0,40.0,40.0,25.0,35.0,40.0,20.0,20.0,20.0,20.0,20.0,20.0,60.0,30.0,15.0,80.0,40.0,30.0,15.0,28.0,20.0,25.0,20.0,20.0,20.0,20.0,20.0,20.0,60.0,30.0,15.0,70.0,30.0,25.0,20.0,21.0,22.0,20.0,26.0,26.0,25.0,28.0,26.0,25.0,60.0,30.0,15.0,61.717283982960005,36.001748990059994,41.14485598864,41.14485598864,51.43106998580001,30.858641991480003,15.429320995740001
FE8,Amelia,All,Recruit,F,0,Recruit (2),Paladin,1.0,16.0,4.0,3.0,4.0,6.0,2.0,3.0,6.0,4.0,60.0,35.0,40.0,40.0,50.0,30.0,15.0,2.0,1.0,1.0,1.0,2.0,1.0,0.0,1.0,1.0,1.0,1.0,2.0,1.0,2.0,3.0,3.0,75.0,45.0,40.0,40.0,25.0,35.0,40.0,20.0,20.0,20.0,20.0,20.0,20.0,60.0,30.0,15.0,75.0,45.0,40.0,40.0,25.0,35.0,40.0,20.0,20.0,20.0,20.0,20.0,20.0,60.0,30.0,15.0,70.0,25.0,35.0,25.0,12.0,25.0,25.0,23.0,27.0,25.0,24.0,26.0,25.0,60.0,30.0,15.0,61.717283982960005,36.001748990059994,41.14485598864,41.14485598864,51.43106998580001,30.858641991480003,15.429320995740001
FE8,Amelia,All,Recruit,F,0,Recruit (2),Recruit (3),1.0,16.0,4.0,3.0,4.0,6.0,2.0,3.0,6.0,4.0,60.0,35.0,40.0,40.0,50.0,30.0,15.0,2.0,1.0,1.0,1.0,2.0,1.0,0.0,1.0,2.0,2.0,1.0,1.0,2.0,1.0,0.0,1.0,75.0,45.0,40.0,40.0,25.0,35.0,40.0,20.0,20.0,20.0,20.0,20.0,20.0,60.0,30.0,15.0,75.0,45.0,40.0,40.0,25.0,35.0,40.0,20.0,20.0,20.0,20.0,20.0,20.0,60.0,30.0,15.0,75.0,45.0,40.0,40.0,25.0,35.0,40.0,23.0,30.0,29.0,22.0,26.0,20.0,60.0,30.0,15.0,61.717283982960005,36.001748990059994,41.14485598864,41.14485598864,51.43106998580001,30.858641991480003,15.429320995740001
FE8,Innes,All,Sniper,M,0,N/A,N/A,1.0,31.0,14.0,13.0,15.0,14.0,10.0,9.0,9.0,6.0,75.0,40.0,40.0,45.0,45.0,20.0,25.0,,,,,,,,,,,,,,,,,65.0,30.0,30.0,20.0,15.0,20.0,30.0,25.0,30.0,28.0,25.0,23.0,20.0,60.0,30.0,15.0,,,,,,,,,,,,,,,,,,,,,,,,,,,,,,,,,76.24513741687501,40.664073289,40.664073289,45.747082450125006,45.747082450125006,20.3320366445,25.415045805625
FE8,Gerik,All,Mercenary,M,0,Hero,N/A,10.0,32.0,14.0,13.0,13.0,8.0,10.0,4.0,13.0,5.0,90.0,45.0,40.0,30.0,30.0,35.0,25.0,4.0,1.0,2.0,2.0,2.0,2.0,2.0,1.0,,,,,,,,,80.0,40.0,40.0,32.0,18.0,20.0,30.0,20.0,20.0,20.0,20.0,20.0,20.0,60.0,30.0,15.0,75.0,30.0,30.0,20.0,20.0,20.0,25.0,25.0,30.0,26.0,25.0,22.0,25.0,60.0,30.0,15.0,,,,,,,,,,,,,,,,,90.71505132464391,45.357525662321954,40.31780058873063,30.23835044154797,30.23835044154797,35.27807551513929,25.19862536795664
FE8,Gerik,All,Mercenary,M,0,Ranger,N/A,10.0,32.0,14.0,13.0,13.0,8.0,10.0,4.0,13.0,5.0,90.0,45.0,40.0,30.0,30.0,35.0,25.0,3.0,2.0,1.0,1.0,3.0,3.0,0.0,2.0,,,,,,,,,80.0,40.0,40.0,32.0,18.0,20.0,30.0,20.0,20.0,20.0,20.0,20.0,20.0,60.0,30.0,15.0,60.0,25.0,30.0,35.0,15.0,15.0,25.0,25.0,28.0,30.0,24.0,23.0,25.0,60.0,30.0,15.0,,,,,,,,,,,,,,,,,90.71505132464391,45.357525662321954,40.31780058873063,30.23835044154797,30.23835044154797,35.27807551513929,25.19862536795664
FE8,Tethys,All,Dancer,F,0,N/A,N/A,1.0,18.0,1.0,2.0,12.0,10.0,5.0,4.0,5.0,5.0,85.0,5.0,10.0,70.0,80.0,30.0,75.0,,,,,,,,,,,,,,,,,45.0,45.0,30.0,60.0,0.0,13.0,70.0,10.0,10.0,30.0,24.0,26.0,20.0,60.0,30.0,15.0,,,,,,,,,,,,,,,,,,,,,,,,,,,,,,,,,85.1146172639057,5.006742191994453,10.013484383988907,70.09439068792234,80.10787507191125,30.040453151966716,75.1011328799168
FE8,Marisa,All,Myrmidon,F,0,Swordmaster,N/A,5.0,23.0,7.0,12.0,13.0,9.0,4.0,3.0,5.0,5.0,75.0,30.0,55.0,60.0,50.0,15.0,25.0,4.0,2.0,1.0,0.0,2.0,1.0,2.0,1.0,,,,,,,,,70.0,35.0,40.0,40.0,15.0,20.0,30.0,20.0,20.0,20.0,20.0,20.0,20.0,60.0,30.0,15.0,65.0,25.0,30.0,30.0,15.0,22.0,25.0,22.0,29.0,30.0,22.0,25.0,20.0,60.0,30.0,15.0,,,,,,,,,,,,,,,,,75.76060793627929,30.304243174511715,55.55777915327149,60.60848634902343,50.507071957519535,15.152121587255857,25.253535978759768
FE8,Marisa,All,Myrmidon,F,0,Assassin,N/A,5.0,23.0,7.0,12.0,13.0,9.0,4.0,3.0,5.0,5.0,75.0,30.0,55.0,60.0,50.0,15.0,25.0,2.0,1.0,1.0,1.0,2.0,1.0,1.0,1.0,,,,,,,,,70.0,35.0,40.0,40.0,15.0,20.0,30.0,20.0,20.0,20.0,20.0,20.0,20.0,60.0,30.0,15.0,50.0,5.0,45.0,40.0,5.0,20.0,40.0,20.0,30.0,30.0,20.0,20.0,20.0,60.0,30.0,15.0,,,,,,,,,,,,,,,,,75.76060793627929,30.304243174511715,55.55777915327149,60.60848634902343,50.507071957519535,15.152121587255857,25.253535978759768
FE8,L'Arachel,All,Troubadour,F,0,Valkyrie,N/A,3.0,18.0,6.0,6.0,10.0,12.0,5.0,8.0,5.0,6.0,45.0,50.0,45.0,45.0,65.0,15.0,50.0,3.0,2.0,1.0,0.0,2.0,3.0,1.0,1.0,,,,,,,,,50.0,25.0,35.0,55.0,12.0,40.0,45.0,20.0,20.0,20.0,20.0,20.0,20.0,60.0,30.0,15.0,45.0,35.0,25.0,45.0,10.0,40.0,40.0,25.0,24.0,25.0,24.0,28.0,25.0,60.0,30.0,15.0,,,,,,,,,,,,,,,,,45.56372669915433,50.62636299906036,45.56372669915433,45.56372669915433,65.81427189877847,15.187908899718108,50.62636299906036
FE8,L'Arachel,All,Troubadour,F,0,Mage Knight,N/A,3.0,18.0,6.0,6.0,10.0,12.0,5.0,8.0,5.0,6.0,45.0,50.0,45.0,45.0,65.0,15.0,50.0,3.0,2.0,1.0,0.0,2.0,2.0,1.0,1.0,,,,,,,,,50.0,25.0,35.0,55.0,12.0,40.0,45.0,20.0,20.0,20.0,20.0,20.0,20.0,60.0,30.0,15.0,45.0,40.0,30.0,40.0,10.0,40.0,40.0,25.0,24.0,25.0,24.0,28.0,25.0,60.0,30.0,15.0,,,,,,,,,,,,,,,,,45.56372669915433,50.62636299906036,45.56372669915433,45.56372669915433,65.81427189877847,15.187908899718108,50.62636299906036
FE8,Dozla,All,Berserker,M,0,N/A,N/A,1.0,43.0,16.0,11.0,9.0,4.0,11.0,6.0,16.0,6.0,85.0,50.0,35.0,40.0,30.0,30.0,25.0,,,,,,,,,,,,,,,,,75.0,50.0,35.0,25.0,10.0,13.0,15.0,30.0,29.0,28.0,23.0,21.0,25.0,60.0,30.0,15.0,,,,,,,,,,,,,,,,,,,,,,,,,,,,,,,,,85.9235185453457,50.543246203144534,35.38027234220117,40.43459696251563,30.32594772188672,30.32594772188672,25.271623101572267
FE8,Saleh,All,Sage,M,0,N/A,N/A,1.0,30.0,16.0,18.0,14.0,11.0,8.0,13.0,8.0,6.0,50.0,30.0,25.0,40.0,40.0,30.0,35.0,,,,,,,,,,,,,,,,,45.0,45.0,30.0,25.0,10.0,40.0,15.0,28.0,30.0,26.0,21.0,25.0,20.0,60.0,30.0,15.0,,,,,,,,,,,,,,,,,,,,,,,,,,,,,,,,,52.2423142503125,31.345388550187497,26.12115712515625,41.793851400250006,41.793851400250006,31.345388550187497,36.56961997521875
FE8,Ewan,All,Pupil,M,0,Mage,Sage,1.0,15.0,3.0,2.0,5.0,5.0,0.0,3.0,5.0,4.0,50.0,45.0,40.0,35.0,50.0,15.0,40.0,1.0,0.0,1.0,2.0,1.0,2.0,1.0,1.0,4.0,1.0,0.0,0.0,3.0,3.0,1.0,1.0,55.0,55.0,40.0,35.0,10.0,30.0,40.0,20.0,20.0,20.0,20.0,20.0,20.0,60.0,30.0,15.0,55.0,55.0,40.0,35.0,5.0,30.0,20.0,20.0,20.0,20.0,20.0,20.0,20.0,60.0,30.0,15.0,45.0,45.0,30.0,25.0,10.0,40.0,15.0,28.0,30.0,26.0,21.0,25.0,20.0,60.0,30.0,15.0,51.40483520632812,46.26435168569532,41.1238681650625,35.983384644429684,51.40483520632812,15.421450561898439,41.1238681650625
FE8,Ewan,All,Pupil,M,0,Mage,Mage Knight,1.0,15.0,3.0,2.0,5.0,5.0,0.0,3.0,5.0,4.0,50.0,45.0,40.0,35.0,50.0,15.0,40.0,1.0,0.0,1.0,2.0,1.0,2.0,1.0,1.0,4.0,2.0,0.0,0.0,2.0,2.0,2.0,2.0,55.0,55.0,40.0,35.0,10.0,30.0,40.0,20.0,20.0,20.0,20.0,20.0,20.0,60.0,30.0,15.0,55.0,55.0,40.0,35.0,5.0,30.0,20.0,20.0,20.0,20.0,20.0,20.0,20.0,60.0,30.0,15.0,45.0,40.0,30.0,40.0,10.0,40.0,30.0,24.0,26.0,25.0,24.0,25.0,25.0,60.0,30.0,15.0,51.40483520632812,46.26435168569532,41.1238681650625,35.983384644429684,51.40483520632812,15.421450561898439,41.1238681650625
FE8,Ewan,All,Pupil,M,0,Shaman,Druid,1.0,15.0,3.0,2.0,5.0,5.0,0.0,3.0,5.0,4.0,50.0,45.0,40.0,35.0,50.0,15.0,40.0,1.0,2.0,0.0,1.0,1.0,2.0,2.0,1.0,4.0,0.0,0.0,3.0,2.0,2.0,1.0,1.0,55.0,55.0,40.0,35.0,10.0,30.0,40.0,20.0,20.0,20.0,20.0,20.0,20.0,60.0,30.0,15.0,50.0,50.0,32.0,30.0,10.0,30.0,20.0,20.0,20.0,20.0,20.0,20.0,20.0,60.0,30.0,15.0,45.0,55.0,30.0,25.0,10.0,35.0,20.0,29.0,26.0,26.0,21.0,28.0,20.0,60.0,30.0,15.0,51.40483520632812,46.26435168569532,41.1238681650625,35.983384644429684,51.40483520632812,15.421450561898439,41.1238681650625
FE8,Ewan,All,Pupil,M,0,Shaman,Summoner,1.0,15.0,3.0,2.0,5.0,5.0,0.0,3.0,5.0,4.0,50.0,45.0,40.0,35.0,50.0,15.0,40.0,1.0,2.0,0.0,1.0,1.0,2.0,2.0,1.0,3.0,0.0,1.0,3.0,1.0,3.0,1.0,1.0,55.0,55.0,40.0,35.0,10.0,30.0,40.0,20.0,20.0,20.0,20.0,20.0,20.0,60.0,30.0,15.0,50.0,50.0,32.0,30.0,10.0,30.0,20.0,20.0,20.0,20.0,20.0,20.0,20.0,60.0,30.0,15.0,45.0,50.0,30.0,25.0,8.0,35.0,20.0,27.0,27.0,26.0,20.0,28.0,20.0,60.0,30.0,15.0,51.40483520632812,46.26435168569532,41.1238681650625,35.983384644429684,51.40483520632812,15.421450561898439,41.1238681650625
FE8,Ewan,All,Pupil,M,0,Pupil (2),Sage,1.0,15.0,3.0,2.0,5.0,5.0,0.0,3.0,5.0,4.0,50.0,45.0,40.0,35.0,50.0,15.0,40.0,2.0,1.0,1.0,0.0,2.0,2.0,0.0,1.0,4.0,1.0,0.0,0.0,3.0,3.0,2.0,1.0,55.0,55.0,40.0,35.0,10.0,30.0,40.0,20.0,20.0,20.0,20.0,20.0,20.0,60.0,30.0,15.0,55.0,55.0,40.0,35.0,10.0,30.0,40.0,20.0,20.0,20.0,20.0,20.0,20.0,60.0,30.0,15.0,45.0,45.0,30.0,25.0,10.0,40.0,15.0,28.0,30.0,26.0,21.0,25.0,20.0,60.0,30.0,15.0,51.40483520632812,46.26435168569532,41.1238681650625,35.983384644429684,51.40483520632812,15.421450561898439,41.1238681650625
FE8,Ewan,All,Pupil,M,0,Pupil (2),Pupil (3),1.0,15.0,3.0,2.0,5.0,5.0,0.0,3.0,5.0,4.0,50.0,45.0,40.0,35.0,50.0,15.0,40.0,2.0,1.0,1.0,0.0,2.0,2.0,0.0,1.0,4.0,2.0,0.0,1.0,3.0,3.0,0.0,1.0,55.0,55.0,40.0,35.0,10.0,30.0,40.0,20.0,20.0,20.0,20.0,20.0,20.0,60.0,30.0,15.0,55.0,55.0,40.0,35.0,10.0,30.0,40.0,20.0,20.0,20.0,20.0,20.0,20.0,60.0,30.0,15.0,55.0,55.0,40.0,35.0,10.0,30.0,40.0,29.0,28.0,27.0,21.0,26.0,20.0,60.0,30.0,15.0,51.40483520632812,46.26435168569532,41.1238681650625,35.983384644429684,51.40483520632812,15.421450561898439,41.1238681650625
FE8,Cormag,All,Wyvern Rider,M,0,Wyvern Lord,N/A,9.0,30.0,14.0,9.0,10.0,4.0,12.0,2.0,11.0,7.0,85.0,55.0,40.0,45.0,35.0,25.0,15.0,4.0,2.0,2.0,0.0,2.0,0.0,1.0,1.0,,,,,,,,,80.0,45.0,35.0,30.0,25.0,15.0,25.0,20.0,20.0,20.0,20.0,20.0,25.0,60.0,30.0,15.0,75.0,40.0,30.0,20.0,20.0,17.0,20.0,27.0,25.0,23.0,28.0,22.0,25.0,60.0,30.0,15.0,,,,,,,,,,,,,,,,,85.79180898085195,55.51234698761009,40.37261599098915,45.41919298986279,35.32603899211551,25.23288499436822,15.139730996620932
FE8,Cormag,All,Wyvern Rider,M,0,Wyvern Knight,N/A,9.0,30.0,14.0,9.0,10.0,4.0,12.0,2.0,11.0,7.0,85.0,55.0,40.0,45.0,35.0,25.0,15.0,3.0,1.0,2.0,3.0,0.0,1.0,0.0,1.0,,,,,,,,,80.0,45.0,35.0,30.0,25.0,15.0,25.0,20.0,20.0,20.0,20.0,20.0,25.0,60.0,30.0,15.0,65.0,35.0,30.0,30.0,15.0,17.0,25.0,25.0,26.0,28.0,24.0,22.0,25.0,60.0,30.0,15.0,,,,,,,,,,,,,,,,,85.79180898085195,55.51234698761009,40.37261599098915,45.41919298986279,35.32603899211551,25.23288499436822,15.139730996620932
FE8,Rennac,All,Rogue,M,0,N/A,N/A,1.0,28.0,10.0,16.0,17.0,5.0,9.0,11.0,7.0,6.0,65.0,25.0,45.0,60.0,25.0,25.0,30.0,,,,,,,,,,,,,,,,,50.0,10.0,45.0,35.0,5.0,20.0,40.0,20.0,30.0,30.0,20.0,20.0,20.0,60.0,30.0,15.0,,,,,,,,,,,,,,,,,,,,,,,,,,,,,,,,,66.51164828511963,25.581403186584474,46.04652573585205,61.39536764780272,25.581403186584474,25.581403186584474,30.69768382390136
FE8,Duessel,All,Great Knight,M,0,N/A,N/A,8.0,41.0,17.0,12.0,12.0,8.0,17.0,9.0,15.0,6.0,85.0,55.0,40.0,30.0,20.0,45.0,30.0,,,,,,,,,,,,,,,,,70.0,30.0,20.0,15.0,21.0,20.0,20.0,28.0,24.0,24.0,29.0,25.0,25.0,60.0,30.0,15.0,,,,,,,,,,,,,,,,,,,,,,,,,,,,,,,,,85.7486837681554,55.48444243821821,40.35232177324961,30.264241329937196,20.176160886624803,45.3963619949058,30.264241329937196
FE8,Knoll,All,Shaman,M,0,Druid,N/A,9.0,21.0,12.0,9.0,8.0,0.0,2.0,10.0,7.0,5.0,70.0,50.0,40.0,35.0,20.0,10.0,45.0,4.0,0.0,0.0,3.0,2.0,2.0,1.0,1.0,,,,,,,,,50.0,50.0,32.0,30.0,10.0,30.0,20.0,20.0,20.0,20.0,20.0,20.0,20.0,60.0,30.0,15.0,45.0,55.0,30.0,25.0,10.0,35.0,20.0,29.0,26.0,26.0,21.0,28.0,20.0,60.0,30.0,15.0,,,,,,,,,,,,,,,,,71.65918644892,51.185133177800004,40.948106542240005,35.82959322446,20.474053271120003,10.237026635560001,46.066619860020005
FE8,Knoll,All,Shaman,M,0,Summoner,N/A,9.0,21.0,12.0,9.0,8.0,0.0,2.0,10.0,7.0,5.0,70.0,50.0,40.0,35.0,20.0,10.0,45.0,3.0,0.0,1.0,3.0,1.0,3.0,1.0,1.0,,,,,,,,,50.0,50.0,32.0,30.0,10.0,30.0,20.0,20.0,20.0,20.0,20.0,20.0,20.0,60.0,30.0,15.0,45.0,50.0,30.0,25.0,8.0,35.0,20.0,27.0,27.0,26.0,20.0,28.0,20.0,60.0,30.0,15.0,,,,,,,,,,,,,,,,,71.65918644892,51.185133177800004,40.948106542240005,35.82959322446,20.474053271120003,10.237026635560001,46.066619860020005
FE8,Myrrh,All,Manakete,F,0,N/A,N/A,1.0,15.0,3.0,1.0,5.0,3.0,2.0,7.0,5.0,6.0,130.0,90.0,85.0,65.0,30.0,150.0,30.0,,,,,,,,,,,,,,,,,95.0,40.0,30.0,20.0,0.0,10.0,25.0,20.0,20.0,20.0,20.0,20.0,20.0,60.0,30.0,15.0,,,,,,,,,,,,,,,,,,,,,,,,,,,,,,,,,130.0,90.0,85.0,65.0,30.0,150.0,30.0
FE8,Syrene,All,Falcoknight,F,0,N/A,N/A,1.0,27.0,12.0,13.0,15.0,12.0,10.0,12.0,7.0,8.0,70.0,40.0,50.0,60.0,30.0,20.0,50.0,,,,,,,,,,,,,,,,,60.0,30.0,30.0,30.0,12.0,30.0,30.0,23.0,25.0,28.0,23.0,26.0,25.0,60.0,30.0,15.0,,,,,,,,,,,,,,,,,,,,,,,,,,,,,,,,,70.71271244799999,40.407264256000005,50.50908032,60.610896384,30.305448192,20.203632128000002,50.50908032
FE8,Caellach,All,Hero,M,0,N/A,N/A,12.0,47.0,19.0,14.0,13.0,14.0,15.0,13.0,13.0,6.0,85.0,50.0,45.0,45.0,20.0,30.0,20.0,,,,,,,,,,,,,,,,,75.0,30.0,30.0,20.0,20.0,20.0,25.0,25.0,30.0,26.0,25.0,22.0,25.0,60.0,30.0,15.0,,,,,,,,,,,,,,,,,,,,,,,,,,,,,,,,,85.87272108616,50.5133653448,45.46202881032001,45.46202881032001,20.205346137920003,30.308019206879994,20.205346137920003
FE8,Orson,All,Paladin,M,0,N/A,N/A,13.0,48.0,18.0,15.0,14.0,6.0,14.0,11.0,12.0,8.0,80.0,55.0,45.0,40.0,25.0,45.0,30.0,,,,,,,,,,,,,,,,,70.0,25.0,30.0,18.0,12.0,20.0,25.0,25.0,26.0,24.0,25.0,25.0,25.0,60.0,30.0,15.0,,,,,,,,,,,,,,,,,,,,,,,,,,,,,,,,,80.69195365056126,55.47571813476087,45.38922392844071,40.34597682528063,25.21623551580039,45.38922392844071,30.259482618960465
FE8,Riev,All,Bishop,M,0,N/A,N/A,16.0,49.0,14.0,21.0,19.0,9.0,16.0,18.0,7.0,6.0,75.0,45.0,50.0,40.0,15.0,20.0,45.0,,,,,,,,,,,,,,,,,45.0,35.0,25.0,22.0,8.0,40.0,40.0,25.0,26.0,24.0,22.0,30.0,20.0,60.0,30.0,15.0,,,,,,,,,,,,,,,,,,,,,,,,,,,,,,,,,76.17491308171876,45.70494784903125,50.7832753878125,40.62662031025,15.23498261634375,20.313310155125,45.70494784903125
FE8,Ismaire,All,Swordmaster,F,0,N/A,N/A,9.0,33.0,16.0,20.0,23.0,12.0,8.0,15.0,7.0,6.0,75.0,30.0,60.0,55.0,30.0,20.0,25.0,,,,,,,,,,,,,,,,,65.0,25.0,30.0,30.0,15.0,22.0,25.0,22.0,29.0,30.0,22.0,25.0,20.0,60.0,30.0,15.0,,,,,,,,,,,,,,,,,,,,,,,,,,,,,,,,,76.0053774675,30.402150987,60.804301974,55.7372768095,30.402150987,20.268100658,25.335125822500004
FE8,Selena,All,Mage Knight,F,0,N/A,N/A,11.0,38.0,13.0,13.0,16.0,10.0,11.0,17.0,6.0,7.0,85.0,40.0,55.0,40.0,25.0,20.0,30.0,,,,,,,,,,,,,,,,,45.0,40.0,30.0,40.0,10.0,40.0,40.0,25.0,24.0,25.0,24.0,28.0,25.0,60.0,30.0,15.0,,,,,,,,,,,,,,,,,,,,,,,,,,,,,,,,,85.87636380706,40.41240649744,55.56705893398001,40.41240649744,25.2577540609,20.20620324872,30.309304873080002
FE8,Glen,All,Wyvern Lord,M,0,N/A,N/A,12.0,46.0,20.0,17.0,13.0,7.0,18.0,5.0,12.0,8.0,85.0,45.0,50.0,45.0,20.0,35.0,40.0,,,,,,,,,,,,,,,,,75.0,40.0,30.0,20.0,20.0,17.0,20.0,27.0,25.0,23.0,28.0,22.0,25.0,60.0,30.0,15.0,,,,,,,,,,,,,,,,,,,,,,,,,,,,,,,,,85.60593143879125,45.32078723230125,50.356430258112496,45.32078723230125,20.142572103245,35.24950118067875,40.28514420649
FE8,Hayden,All,Ranger,M,0,N/A,N/A,10.0,37.0,17.0,14.0,15.0,17.0,12.0,12.0,10.0,7.0,70.0,40.0,45.0,45.0,40.0,25.0,25.0,,,,,,,,,,,,,,,,,60.0,25.0,30.0,35.0,15.0,15.0,25.0,25.0,28.0,30.0,24.0,23.0,25.0,60.0,30.0,15.0,,,,,,,,,,,,,,,,,,,,,,,,,,,,,,,,,71.31002091743359,40.74858338139063,45.84215630406446,45.84215630406446,40.74858338139063,25.46786461336914,25.46786461336914
FE8,Valter,All,Wyvern Knight,M,0,N/A,N/A,13.0,45.0,19.0,17.0,17.0,3.0,13.0,12.0,11.0,8.0,80.0,40.0,55.0,50.0,15.0,20.0,20.0,,,,,,,,,,,,,,,,,65.0,35.0,30.0,30.0,15.0,17.0,25.0,25.0,26.0,28.0,24.0,22.0,25.0,60.0,30.0,15.0,,,,,,,,,,,,,,,,,,,,,,,,,,,,,,,,,81.19229898752,40.59614949376,55.81970555392001,50.7451868672,15.223556060159998,20.29807474688,20.29807474688
FE8,Fado,All,General,M,0,N/A,N/A,11.0,46.0,20.0,14.0,12.0,5.0,18.0,11.0,18.0,5.0,85.0,55.0,40.0,30.0,25.0,45.0,25.0,,,,,,,,,,,,,,,,,75.0,30.0,20.0,10.0,23.0,25.0,20.0,29.0,27.0,24.0,30.0,25.0,25.0,60.0,30.0,15.0,,,,,,,,,,,,,,,,,,,,,,,,,,,,,,,,,85.7520551675675,55.48662393195545,40.353908314149415,30.265431235612063,25.22119269634338,45.39814685341809,25.22119269634338
FE8,Lyon,All,Necromancer,M,0,N/A,N/A,14.0,44.0,22.0,13.0,11.0,4.0,17.0,19.0,7.0,6.0,85.0,50.0,55.0,55.0,30.0,45.0,55.0,,,,,,,,,,,,,,,,,45.0,55.0,30.0,25.0,10.0,35.0,20.0,30.0,25.0,25.0,30.0,30.0,25.0,60.0,30.0,15.0,,,,,,,,,,,,,,,,,,,,,,,,,,,,,,,,,85.22424341039357,50.131907888466806,55.1450986773135,55.1450986773135,30.07914473308008,45.118717099620135,55.1450986773135
